<?xml version="1.0" encoding="UTF-8"?>
<jcr:root xmlns:cq="http://www.day.com/jcr/cq/1.0" xmlns:jcr="http://www.jcp.org/jcr/1.0" xmlns:nt="http://www.jcp.org/jcr/nt/1.0"
    jcr:primaryType="cq:Dialog"
    height="500"
    title="Contextual Link Dialog"
    width="700"
    xtype="dialog">
    <items
        jcr:primaryType="cq:Widget"
        xtype="tabpanel">
        <items jcr:primaryType="cq:WidgetCollection">
            <tab1
                jcr:primaryType="cq:Panel"
                title="Configuration">
                <items jcr:primaryType="cq:WidgetCollection">
                    <title
                        jcr:primaryType="nt:unstructured"
                        allowBlank="false"
                        fieldLabel="Title"
                        maxLength="40"
                        name="./title"
                        xtype="textfield"/>
                    <link
                        jcr:primaryType="nt:unstructured"
                        allowBlank="false"
                        fieldLabel="Link"
                        linkPattern="\{0}.html"
                        name="./link"
                        rootPath="/content/metlife"
                        rootTitle="MetLife"
                        xtype="pathfield"/>
                    <link-target
                        jcr:primaryType="cq:Widget"
                        allowBlank="false"
                        anchor="95%"
                        defaultValue="_self"
                        fieldLabel="Open in"
                        key="target"
                        name="./target"
                        type="select"
                        xtype="selection">
                        <options jcr:primaryType="cq:WidgetCollection">
                            <self
                                jcr:primaryType="nt:unstructured"
                                text="Same Page"
                                value="_self"/>
                            <blank
                                jcr:primaryType="nt:unstructured"
                                text="New Page"
                                value="_blank"/>
                        </options>
                    </link-target>
                    <alt-text
                        jcr:primaryType="nt:unstructured"
                        allowBlank="false"
                        fieldLabel="Image Alt Text"
                        name="./altText"
                        xtype="textfield"/>
                </items>
            </tab1>
            <image
                jcr:primaryType="cq:Widget"
                cropParameter="./imageCrop"
                ddGroups="[media]"
                fileNameParameter="./fileName"
                fileReferenceParameter="./fileReference"
                mapParameter="./imageMap"
                name="./file"
                requestSuffix=".img.png"
                rotateParameter="./imageRotate"
                title="Link Image"
                xtype="html5smartimage"/>
        </items>
    </items>
</jcr:root>
