<?xml version="1.0" encoding="UTF-8"?>
<jcr:root xmlns:cq="http://www.day.com/jcr/cq/1.0" xmlns:jcr="http://www.jcp.org/jcr/1.0"
    jcr:primaryType="cq:Dialog"
    height="450"
    title="Not Found Page Component"
    width="600"
    xtype="dialog">
    <items
        jcr:primaryType="cq:Widget"
        xtype="tabpanel">
        <items jcr:primaryType="cq:WidgetCollection">
            <tab1
                jcr:primaryType="cq:Panel"
                title="Configuration">
                <items jcr:primaryType="cq:WidgetCollection">
                    <subtitle-page
                        jcr:primaryType="cq:Widget"
                        anchor="95%"
                        collapsed="{Boolean}false"
                        collapsible="{Boolean}false"
                        title="Subtitle Text"
                        xtype="dialogfieldset">
                        <items jcr:primaryType="cq:WidgetCollection">
                            <text
                                jcr:primaryType="cq:Widget"
                                anchor="95%"
                                hideLabel="{Boolean}true"
                                name="./subtitleText"
                                removeSingleParagraphContainer="{Boolean}true"
                                xtype="richtext"/>
                            <label
                                jcr:primaryType="cq:Widget"
                                anchor="95%"
                                fieldLabel="Go Back Label"
                                name="./labelPreviousPage"
                                xtype="textfield"/>
                        </items>
                    </subtitle-page>
                    <notFound-text
                        jcr:primaryType="cq:Widget"
                        allowBlank="true"
                        anchor="95%"
                        fieldLabel="Error Body Text"
                        name="./notFoundText"
                        xtype="textfield"/>
                </items>
            </tab1>
        </items>
    </items>
</jcr:root>
