<?xml version="1.0" encoding="UTF-8"?>
<jcr:root xmlns:cq="http://www.day.com/jcr/cq/1.0" xmlns:jcr="http://www.jcp.org/jcr/1.0" xmlns:nt="http://www.jcp.org/jcr/nt/1.0"
    jcr:primaryType="cq:Dialog"
    title="Home Subnavigation"
    xtype="dialog">
    <items
        jcr:primaryType="cq:Widget"
        xtype="tabpanel">
        <items jcr:primaryType="cq:WidgetCollection">
            <tab1
                jcr:primaryType="cq:Panel"
                title="Configuration">
                <items jcr:primaryType="cq:WidgetCollection">
                    <type
                        jcr:primaryType="cq:Widget"
                        fieldLabel="Items"
                        name="./type"
                        type="select"
                        xtype="selection">
                        <options jcr:primaryType="cq:WidgetCollection">
                            <one-item
                                jcr:primaryType="nt:unstructured"
                                text="One"
                                value="1"/>
                            <two-items
                                jcr:primaryType="nt:unstructured"
                                text="Two"
                                value="2"/>
                            <three-items
                                jcr:primaryType="nt:unstructured"
                                text="Three"
                                value="3"/>
                            <four-items
                                jcr:primaryType="nt:unstructured"
                                text="Four"
                                value="4"/>
                            <five-items
                                jcr:primaryType="nt:unstructured"
                                text="Five"
                                value="5"/>
                            <six-items
                                jcr:primaryType="nt:unstructured"
                                text="Six"
                                value="6"/>
                        </options>
                    </type>
                </items>
            </tab1>
        </items>
    </items>
</jcr:root>
