<?xml version="1.0" encoding="UTF-8"?>
<jcr:root xmlns:cq="http://www.day.com/jcr/cq/1.0" xmlns:jcr="http://www.jcp.org/jcr/1.0" xmlns:nt="http://www.jcp.org/jcr/nt/1.0"
    jcr:primaryType="cq:Dialog"
    height="440"
    title="Text &amp; Video"
    width="800"
    xtype="dialog">
    <items
        jcr:primaryType="cq:Widget"
        xtype="tabpanel">
        <items jcr:primaryType="cq:WidgetCollection">
            <tab-general
                jcr:primaryType="cq:Panel"
                title="General">
                <items jcr:primaryType="cq:WidgetCollection">
                    <title
                        jcr:primaryType="nt:unstructured"
                        allowBlank="true"
                        fieldLabel="Title"
                        name="./title"
                        xtype="textfield"/>
                    <subtitle
                        jcr:primaryType="nt:unstructured"
                        allowBlank="true"
                        fieldDescription="Enter some text for the title and the subtittle&lt;br>&lt;br>"
                        fieldLabel="Sub Title"
                        name="./subTitle"
                        xtype="textfield"/>
                    <enable-files
                        jcr:primaryType="cq:Widget"
                        fieldLabel="Enable Files"
                        name="./enableFiles"
                        type="checkbox"
                        xtype="selection">
                        <listeners
                            jcr:primaryType="nt:unstructured"
                            loadcontent="function(field,record,path){MetlifeCommons.Components.HideMultifield.loadContent(field,record,path);}"
                            selectionchanged="function(comp, val, isChecked) {MetlifeCommons.Components.HideMultifield.selectionChanged(comp, val, isChecked);}"/>
                    </enable-files>
                    <files
                        jcr:primaryType="cq:Widget"
                        fieldDescription="Click the '+' to add a new item"
                        fieldLabel="Files"
                        itemId="files"
                        name="./files"
                        xtype="multifield">
                        <fieldConfig
                            jcr:primaryType="cq:Widget"
                            xtype="multifieldpanel">
                            <items jcr:primaryType="cq:WidgetCollection">
                                <text
                                    jcr:primaryType="nt:unstructured"
                                    anchor="90%"
                                    fieldLabel="Label"
                                    key="text"
                                    xtype="textfield"/>
                                <link
                                    jcr:primaryType="cq:Widget"
                                    anchor="90%"
                                    fieldLabel="Link"
                                    key="pdflink"
                                    name="./pdflinks/fileReferences"
                                    regex="/.(pdf|doc|docx|xls|xlsx|ppt|pptx)$/i"
                                    rootPath="/content/dam/metlifecom"
                                    rootTitle="MetLife"
                                    xtype="pathfield"/>
                                <alt-text
                                    jcr:primaryType="nt:unstructured"
                                    anchor="90%"
                                    fieldLabel="Image Alt Text"
                                    key="altText"
                                    xtype="textfield"/>
                                <link-target
                                    jcr:primaryType="cq:Widget"
                                    anchor="90%"
                                    defaultValue="_self"
                                    fieldLabel="Open in"
                                    key="target"
                                    name="./target"
                                    type="select"
                                    xtype="selection">
                                    <options jcr:primaryType="cq:WidgetCollection">
                                        <self
                                            jcr:primaryType="nt:unstructured"
                                            text="Same Page"
                                            value="_self"/>
                                        <blank
                                            jcr:primaryType="nt:unstructured"
                                            text="New Page"
                                            value="_blank"/>
                                    </options>
                                </link-target>
                                <fileDescription
                                    jcr:primaryType="nt:unstructured"
                                    anchor="90%"
                                    fieldDescription="E.g. (PDF - XXX KB)"
                                    fieldLabel="Description"
                                    key="fileDescription"
                                    xtype="textfield"/>
                            </items>
                        </fieldConfig>
                    </files>
                    <filesField
                        jcr:primaryType="nt:unstructured"
                        ignoreData="true"
                        name="./files@TypeHint"
                        value="String[]"
                        xtype="hidden"/>
                    <pdfNode
                        jcr:primaryType="nt:unstructured"
                        ignoreData="true"
                        name="./pdflinks/sling:resourceType"
                        value="xumakbase/components/section/base"
                        xtype="hidden"/>
                </items>
            </tab-general>
            <video
                jcr:primaryType="cq:Panel"
                title="Video">
                <items jcr:primaryType="cq:WidgetCollection">
                    <video-type
                        jcr:primaryType="cq:Widget"
                        fieldLabel="Video Type"
                        name="./videotype"
                        type="select"
                        xtype="selection">
                        <options jcr:primaryType="cq:WidgetCollection">
                            <brightcove
                                jcr:primaryType="nt:unstructured"
                                text="Brightcove"
                                value="option_a"/>
                            <youtube
                                jcr:primaryType="nt:unstructured"
                                text="Youtube"
                                value="option_b"/>
                        </options>
                        <listeners
                            jcr:primaryType="nt:unstructured"
                            loadcontent="function(field,record,path){MetlifeCommons.Components.HideFieldTexts.loadContent(field,record,path);}"
                            selectionchanged="function(selection, value, isChanged) {MetlifeCommons.Components.HideFieldTexts.selectionChanged(selection, value, isChanged);}"/>
                    </video-type>
                    <brightcove-video-id
                        jcr:primaryType="nt:unstructured"
                        fieldDescription="Enter the video id for brightcove. (eg: 4996134522001 )"
                        fieldLabel="Brightcove video ID"
                        hidden="{Boolean}true"
                        item-id="1-item"
                        maxLength="150"
                        name="./brightcovevideoid"
                        xtype="textfield"/>
                    <youtubevideoid
                        jcr:primaryType="nt:unstructured"
                        fieldDescription="Enter the video id for youtube. (eg: https://www.youtube.com/watch?v=&lt;b>CMkeicTX0Tc&lt;/b>)"
                        fieldLabel="Youtube video ID"
                        hidden="{Boolean}true"
                        item-id="2-items"
                        maxLength="150"
                        name="./youtubevideoid"
                        xtype="textfield"/>
                    <brightcove-account-id
                        jcr:primaryType="nt:unstructured"
                        fieldDescription="Enter the account id for brightcove. (eg: 64298592001 )"
                        fieldLabel="Brightcove account ID"
                        hidden="{Boolean}true"
                        item-id="3-items"
                        maxLength="150"
                        name="./brightcoveaccountid"
                        xtype="textfield"/>
                    <isBrightcove
                        jcr:primaryType="nt:unstructured"
                        name="./isBrightcove"
                        xtype="hidden"/>
                </items>
            </video>
            <disclaimer
                jcr:primaryType="cq:Panel"
                title="Disclaimer">
                <items jcr:primaryType="cq:WidgetCollection">
                    <text
                        jcr:primaryType="cq:Widget"
                        anchor="90%"
                        fieldLabel="Text"
                        height="260"
                        name="./disclaimer"
                        xtype="richtext"/>
                </items>
            </disclaimer>
        </items>
    </items>
</jcr:root>
