<?xml version="1.0" encoding="UTF-8"?>
<jcr:root xmlns:cq="http://www.day.com/jcr/cq/1.0" xmlns:jcr="http://www.jcp.org/jcr/1.0" xmlns:nt="http://www.jcp.org/jcr/nt/1.0"
    jcr:primaryType="cq:Dialog"
    title="Life Stages Container"
    xtype="dialog">
    <items
        jcr:primaryType="cq:Widget"
        xtype="tabpanel">
        <items jcr:primaryType="cq:WidgetCollection">
            <tab1
                jcr:primaryType="cq:Panel"
                title="Configuration">
                <items jcr:primaryType="cq:WidgetCollection">
                    <title
                        jcr:primaryType="cq:Widget"
                        fieldLabel="Title"
                        name="./title"/>
                    <subTitle
                        jcr:primaryType="cq:Widget"
                        fieldLabel="Sub-title"
                        name="./subTitle"/>
                    <type
                        jcr:primaryType="cq:Widget"
                        fieldLabel="Number of Tabs"
                        name="./type"
                        type="select"
                        xtype="selection">
                        <options jcr:primaryType="cq:WidgetCollection">
                            <six-items
                                jcr:primaryType="nt:unstructured"
                                text="Six Tabs"
                                value="6"/>
                            <five-items
                                jcr:primaryType="nt:unstructured"
                                text="Five Tabs"
                                value="5"/>
                            <four-items
                                jcr:primaryType="nt:unstructured"
                                text="Four Tabs"
                                value="4"/>
                            <three-items
                                jcr:primaryType="nt:unstructured"
                                text="Three Tabs"
                                value="3"/>
                            <two-items
                                jcr:primaryType="nt:unstructured"
                                text="Two Tabs"
                                value="2"/>
                        </options>
                    </type>
                </items>
            </tab1>
            <image
                jcr:primaryType="cq:Widget"
                cropParameter="./imageCrop"
                ddGroups="[media]"
                fileNameParameter="./fileName"
                fileReferenceParameter="./fileReference"
                mapParameter="./imageMap"
                name="./file"
                requestSuffix=".img.png"
                rotateParameter="./imageRotate"
                title="Side Image"
                xtype="html5smartimage"/>
        </items>
    </items>
</jcr:root>
