<?xml version="1.0" encoding="UTF-8"?>
<jcr:root xmlns:cq="http://www.day.com/jcr/cq/1.0" xmlns:jcr="http://www.jcp.org/jcr/1.0" xmlns:nt="http://www.jcp.org/jcr/nt/1.0" xmlns:rep="internal"
    jcr:mixinTypes="[rep:AccessControllable]"
    jcr:primaryType="cq:Dialog"
    height="600"
    title="Global Properties"
    width="950"
    xtype="dialog">
    <items
        jcr:primaryType="cq:Widget"
        xtype="tabpanel">
        <items jcr:primaryType="cq:WidgetCollection">
            <header
                jcr:primaryType="cq:Panel"
                title="Header">
                <items jcr:primaryType="cq:WidgetCollection">
                    <megamenu
                        jcr:primaryType="cq:Widget"
                        collapsible="{Boolean}true"
                        title="Mega Menu"
                        xtype="dialogfieldset">
                        <items jcr:primaryType="cq:WidgetCollection">
                            <activeMegamenu
                                jcr:primaryType="cq:Widget"
                                fieldLabel="Enable"
                                name="./activeMegamenu"
                                type="checkbox"
                                xtype="selection"/>
                            <label
                                jcr:primaryType="cq:Widget"
                                anchor="95%"
                                fieldLabel="Label"
                                name="./megaMenuLabel"
                                xtype="textfield"/>
                            <closeLabel
                                jcr:primaryType="cq:Widget"
                                anchor="95%"
                                fieldLabel="Close Label"
                                name="./megaMenuCloseLabel"
                                xtype="textfield"/>
                            <megaMenuConfiguration
                                jcr:primaryType="cq:Widget"
                                anchor="95%"
                                fieldLabel="Configuration Path"
                                name="./megaMenuConfiguration"
                                rootPath="/etc/metlife/configurations"
                                rootTitle="Configurations"
                                xtype="pathfield"/>
                            <imageresourcetype
                                jcr:primaryType="cq:Widget"
                                ignoreData="true"
                                name="./megaMenu/image/sling:resourceType"
                                value="foundation/components/image"
                                xtype="hidden"/>
                        </items>
                    </megamenu>
                    <home
                        jcr:primaryType="cq:Widget"
                        collapsible="{Boolean}true"
                        title="Home link"
                        xtype="dialogfieldset">
                        <items jcr:primaryType="cq:WidgetCollection">
                            <activeHome
                                jcr:primaryType="cq:Widget"
                                fieldLabel="Enable"
                                name="./activeHome"
                                type="checkbox"
                                xtype="selection"/>
                            <label
                                jcr:primaryType="cq:Widget"
                                anchor="95%"
                                fieldLabel="Label"
                                name="./homeLabel"
                                xtype="textfield"/>
                            <image
                                jcr:primaryType="cq:Widget"
                                anchor="95%"
                                ddGroups="[media]"
                                fieldLabel="Image"
                                name="./home/image/fileReference"
                                rootPath="/content/dam"
                                rootTitle="Assets"
                                xtype="pathfield"/>
                            <imageresourcetype
                                jcr:primaryType="cq:Widget"
                                ignoreData="true"
                                name="./home/image/sling:resourceType"
                                value="foundation/components/image"
                                xtype="hidden"/>
                            <link
                                jcr:primaryType="cq:Widget"
                                allowBlank="{Boolean}false"
                                anchor="95%"
                                fieldLabel="Link"
                                linkPattern="\{0}.html"
                                name="./homeLink"
                                rootPath="/content/metlife"
                                rootTitle="MetLife"
                                xtype="pathfield"/>
                        </items>
                    </home>
                    <search
                        jcr:primaryType="cq:Widget"
                        collapsible="{Boolean}true"
                        title="Search"
                        xtype="dialogfieldset">
                        <items jcr:primaryType="cq:WidgetCollection">
                            <activeSearch
                                jcr:primaryType="cq:Widget"
                                fieldLabel="Enable"
                                name="./activeSearch"
                                type="checkbox"
                                xtype="selection"/>
                            <label
                                jcr:primaryType="cq:Widget"
                                anchor="95%"
                                fieldLabel="Label"
                                name="./searchLabel"
                                xtype="textfield"/>
                            <imageresourcetype
                                jcr:primaryType="cq:Widget"
                                ignoreData="true"
                                name="./search/image/sling:resourceType"
                                value="foundation/components/image"
                                xtype="hidden"/>
                            <placeholder
                                jcr:primaryType="cq:Widget"
                                anchor="95%"
                                fieldLabel="Placeholder Label"
                                name="./searchPlaceholderLabel"
                                xtype="textfield"/>
                            <imageformresourcetype
                                jcr:primaryType="cq:Widget"
                                ignoreData="true"
                                name="./search/imageForm/sling:resourceType"
                                value="foundation/components/image"
                                xtype="hidden"/>
                            <link
                                jcr:primaryType="cq:Widget"
                                anchor="95%"
                                fieldLabel="Results Page Link"
                                linkPattern="\{0}.html"
                                name="./searchLink"
                                rootPath="/content/metlife"
                                rootTitle="MetLife"
                                xtype="pathfield"/>
                        </items>
                    </search>
                    <logo
                        jcr:primaryType="cq:Widget"
                        collapsible="{Boolean}true"
                        title="Logo"
                        xtype="dialogfieldset">
                        <items jcr:primaryType="cq:WidgetCollection">
                            <activeLogo
                                jcr:primaryType="cq:Widget"
                                fieldLabel="Enable"
                                name="./activeLogo"
                                type="checkbox"
                                xtype="selection"/>
                            <image
                                jcr:primaryType="cq:Widget"
                                allowBlank="false"
                                anchor="95%"
                                ddGroups="[media]"
                                fieldLabel="Image"
                                name="./logo/image/fileReference"
                                rootPath="/content/dam"
                                rootTitle="Assets"
                                xtype="pathfield"/>
                            <link
                                jcr:primaryType="cq:Widget"
                                anchor="95%"
                                fieldLabel="Link"
                                linkPattern="\{0}.html"
                                name="./logoLink"
                                rootPath="/content/metlife"
                                rootTitle="MetLife"
                                xtype="pathfield"/>
                            <alt
                                jcr:primaryType="cq:Widget"
                                anchor="95%"
                                fieldLabel="Alt Text"
                                name="./logoAltText"
                                xtype="textfield"/>
                            <imageresourcetype
                                jcr:primaryType="cq:Widget"
                                ignoreData="true"
                                name="./logo/image/sling:resourceType"
                                value="foundation/components/image"
                                xtype="hidden"/>
                        </items>
                    </logo>
                    <login
                        jcr:primaryType="cq:Widget"
                        collapsible="{Boolean}true"
                        itemId="loginFS"
                        title="Login"
                        xtype="dialogfieldset">
                        <items jcr:primaryType="cq:WidgetCollection">
                            <activeLogIn
                                jcr:primaryType="cq:Widget"
                                fieldLabel="Enable"
                                name="./activeLogIn"
                                type="checkbox"
                                xtype="selection"/>
                            <loginPageLabel
                                jcr:primaryType="cq:Widget"
                                fieldLabel="Label"
                                name="./loginPageLabel"
                                xtype="textfield"/>
                            <loginType
                                jcr:primaryType="cq:Widget"
                                allowBlank="true"
                                anchor="100%"
                                defaultValue="form"
                                fieldDescription="If the page to login is specified, you can choose between open it in the same page or another one."
                                fieldLabel="Login Type"
                                id="loginType"
                                itemId="loginType"
                                name="./loginType"
                                type="select"
                                xtype="selection">
                                <options jcr:primaryType="cq:WidgetCollection">
                                    <form
                                        jcr:primaryType="nt:unstructured"
                                        text="Form"
                                        value="form"/>
                                    <link
                                        jcr:primaryType="nt:unstructured"
                                        text="Link"
                                        value="link"/>
                                </options>
                                <listeners
                                    jcr:primaryType="nt:unstructured"
                                    loadcontent="function(selection, value, isChanged) { Metlife.Components.loginType.selectionChanged(selection, value, isChanged);}"
                                    selectionchanged="function(selection, value, isChanged) { Metlife.Components.loginType.selectionChanged(selection, value, isChanged);}"/>
                            </loginType>
                            <loginPagePathfield
                                jcr:primaryType="nt:unstructured"
                                allowBlank="true"
                                anchor="98%"
                                fieldLabel="Login page"
                                id="loginPagePathfield"
                                itemId="loginPagePathfield"
                                linkPattern="\{0}.html"
                                name="./loginPagePath"
                                rootPath="/content/metlife"
                                rootTitle="MetLife"
                                xtype="pathfield"/>
                            <loginTarget
                                jcr:primaryType="cq:Widget"
                                allowBlank="true"
                                anchor="100%"
                                defaultValue="_self"
                                fieldDescription="If the page to login is specified, you can choose between open it in the same page or another one."
                                fieldLabel="Open in"
                                id="loginOpenIn"
                                itemId="loginTarget"
                                name="./loginTarget"
                                type="select"
                                xtype="selection">
                                <options jcr:primaryType="cq:WidgetCollection">
                                    <self
                                        jcr:primaryType="nt:unstructured"
                                        text="Same Page"
                                        value="_self"/>
                                    <blank
                                        jcr:primaryType="nt:unstructured"
                                        text="New Page"
                                        value="_blank"/>
                                </options>
                            </loginTarget>
                            <loginConfigurationPath
                                jcr:primaryType="nt:unstructured"
                                allowBlank="true"
                                anchor="98%"
                                fieldLabel="Login Configuration Path"
                                id="loginConfigurationPathfield"
                                itemId="loginConfigurationPathfield"
                                name="./loginConfigurationPath"
                                rootPath="/etc/metlife/configurations"
                                rootTitle="MetLife"
                                xtype="pathfield"/>
                        </items>
                    </login>
                    <close
                        jcr:primaryType="cq:Widget"
                        collapsible="{Boolean}true"
                        title="Close Button (Used to close mega menu and login overlays)"
                        xtype="dialogfieldset">
                        <items jcr:primaryType="cq:WidgetCollection">
                            <label
                                jcr:primaryType="cq:Widget"
                                anchor="95%"
                                fieldLabel="Label"
                                name="./closeLabel"
                                xtype="textfield"/>
                            <image
                                jcr:primaryType="cq:Widget"
                                anchor="95%"
                                ddGroups="[media]"
                                fieldLabel="Image"
                                name="./close/image/fileReference"
                                rootPath="/content/dam"
                                rootTitle="Assets"
                                xtype="pathfield"/>
                            <imageresourcetype
                                jcr:primaryType="cq:Widget"
                                ignoreData="true"
                                name="./close/image/sling:resourceType"
                                value="foundation/components/image"
                                xtype="hidden"/>
                        </items>
                    </close>
                    <contact
                        jcr:primaryType="cq:Widget"
                        collapsible="{Boolean}true"
                        title="Contact Sidebar"
                        xtype="dialogfieldset">
                        <items jcr:primaryType="cq:WidgetCollection">
                            <activeContact
                                jcr:primaryType="cq:Widget"
                                fieldLabel="Enable"
                                name="./activeContact"
                                type="checkbox"
                                xtype="selection"/>
                            <label
                                jcr:primaryType="cq:Widget"
                                anchor="95%"
                                fieldLabel="Label"
                                name="./contactLabel"
                                xtype="textfield"/>
                            <custom-form
                                jcr:primaryType="cq:Widget"
                                fieldDescription="Active this option to change the Contact Form on the side bar specified below"
                                fieldLabel="Custom Contact Form"
                                name="./customForm"
                                type="checkbox"
                                xtype="selection"/>
                            <custom-form-path
                                jcr:primaryType="nt:unstructured"
                                fieldLabel="Custom Contact Form path"
                                name="./customFormPath"
                                rootPath="etc/metlife/static-forms"
                                rootTitle="Contact Forms"
                                xtype="pathfield"/>
                        </items>
                    </contact>
                    <breadcrumb
                        jcr:primaryType="cq:Widget"
                        collapsible="{Boolean}true"
                        title="Breadcrumbs"
                        xtype="dialogfieldset">
                        <items jcr:primaryType="cq:WidgetCollection">
                            <activeBreadCrumb
                                jcr:primaryType="cq:Widget"
                                fieldLabel="Enable"
                                name="./activeBreadCrumb"
                                type="checkbox"
                                xtype="selection"/>
                        </items>
                    </breadcrumb>
                </items>
            </header>
            <cookieBanner
                jcr:primaryType="cq:Panel"
                title="Cookie Banner">
                <items jcr:primaryType="cq:WidgetCollection">
                    <activeBanner
                        jcr:primaryType="cq:Widget"
                        fieldLabel="Enable"
                        name="./activeCookieBanner"
                        type="checkbox"
                        xtype="selection"/>
                    <cookieBannerTitle
                        jcr:primaryType="cq:Widget"
                        allowBlank="true"
                        fieldLabel="Title"
                        name="./cookieBannerTitle"
                        xtype="textfield"/>
                    <cookieBannerDescription
                        jcr:primaryType="cq:Widget"
                        allowBlank="false"
                        fieldLabel="Message"
                        name="./cookieBannerDescription"
                        xtype="richtext"/>
                    <cookieBannerAcceptanceButtonLabel
                        jcr:primaryType="cq:Widget"
                        allowBlank="false"
                        fieldLabel="Button Label"
                        name="./cookieBannerAcceptanceButtonLabel"
                        xtype="textfield"/>
                    <cookieBannerExpiryPeriod
                        jcr:primaryType="cq:Widget"
                        allowBlank="false"
                        enableKeyEvents="{Boolean}true"
                        fieldDescription="Please enter a number greater than 364 (Days)."
                        fieldLabel="Duration"
                        name="./cookieBannerExpiryPeriod"
                        xtype="numberfield"/>
                    <cookieBannerAllowImmediateAnalytics
                        jcr:primaryType="cq:Widget"
                        allowBlank="true"
                        fieldLabel="Allow Immediate Analytics"
                        name="./cookieBannerAllowImmediateAnalytics"
                        type="checkbox"
                        xtype="selection"/>
                </items>
            </cookieBanner>
            <scroll-for-more
                jcr:primaryType="cq:Panel"
                title="Scroll for more">
                <items jcr:primaryType="cq:WidgetCollection">
                    <configuration
                        jcr:primaryType="cq:Widget"
                        collapsed="{Boolean}false"
                        collapsible="{Boolean}true"
                        title="Configuration"
                        xtype="dialogfieldset">
                        <items jcr:primaryType="cq:WidgetCollection">
                            <activeScroll
                                jcr:primaryType="cq:Widget"
                                fieldLabel="Enable"
                                name="./activeScrollForMore"
                                type="checkbox"
                                xtype="selection"/>
                            <text
                                jcr:primaryType="cq:Widget"
                                allowBlank="false"
                                anchor="95%"
                                fieldLabel="Label"
                                name="./scrollForMoreText"
                                xtype="textfield"/>
                        </items>
                    </configuration>
                </items>
            </scroll-for-more>
            <footer-farms-links
                jcr:primaryType="cq:Panel"
                title="Footer Link Farm">
                <items jcr:primaryType="cq:WidgetCollection">
                    <activeFooterFarmsLinks
                        jcr:primaryType="cq:Widget"
                        fieldLabel="Enable"
                        name="./activeFarmsite"
                        type="checkbox"
                        xtype="selection"/>
                    <famrs
                        jcr:primaryType="cq:Widget"
                        addItemLabel="Add Section"
                        anchor="95%"
                        fieldDescription="Click the '+' to add a new section"
                        fieldLabel="Section"
                        hideLabel="false"
                        maxItems="{Long}5"
                        name="./farmLinkSecction"
                        xtype="multifield">
                        <fieldConfig
                            jcr:primaryType="cq:Widget"
                            xtype="multifieldpanel">
                            <items jcr:primaryType="cq:WidgetCollection">
                                <label
                                    jcr:primaryType="nt:unstructured"
                                    allowBlank="false"
                                    anchor="95%"
                                    fieldLabel="Label"
                                    key="label"
                                    validateOnBlur="true"
                                    xtype="textfield"/>
                                <links
                                    jcr:primaryType="cq:Widget"
                                    addItemLabel="Add Link"
                                    fieldDescription="Click the '+' to add a new link"
                                    fieldLabel="Links"
                                    key="links"
                                    maxItems="{Long}7"
                                    minItems="{Long}1"
                                    name="./farmLinks"
                                    xtype="multifield">
                                    <fieldConfig
                                        jcr:primaryType="cq:Widget"
                                        xtype="multifieldpanel">
                                        <items jcr:primaryType="cq:WidgetCollection">
                                            <label
                                                jcr:primaryType="nt:unstructured"
                                                allowBlank="false"
                                                anchor="98%"
                                                fieldLabel="Label"
                                                key="label"
                                                validateOnBlur="true"
                                                xtype="textfield"/>
                                            <link
                                                jcr:primaryType="cq:Widget"
                                                allowBlank="false"
                                                anchor="98%"
                                                fieldLabel="Link"
                                                key="link"
                                                linkPattern="\{0}.html"
                                                xtype="pathfield"/>
                                            <linkTarget
                                                jcr:primaryType="cq:Widget"
                                                allowBlank="false"
                                                anchor="98%"
                                                fieldLabel="Open in"
                                                key="target"
                                                type="select"
                                                xtype="selection">
                                                <options jcr:primaryType="cq:WidgetCollection">
                                                    <self
                                                        jcr:primaryType="nt:unstructured"
                                                        text="same window"
                                                        value="_self"/>
                                                    <newWindow
                                                        jcr:primaryType="nt:unstructured"
                                                        text="new window"
                                                        value="_blank"/>
                                                </options>
                                            </linkTarget>
                                        </items>
                                    </fieldConfig>
                                </links>
                            </items>
                        </fieldConfig>
                    </famrs>
                </items>
            </footer-farms-links>
            <countries-and-languages
                jcr:primaryType="cq:Panel"
                itemId="countriesAndLanguagesTab"
                title="Country Selector Row">
                <items jcr:primaryType="cq:WidgetCollection">
                    <activeCountrys
                        jcr:primaryType="cq:Widget"
                        collapsible="{Boolean}true"
                        title="Country Selector"
                        xtype="dialogfieldset">
                        <items jcr:primaryType="cq:WidgetCollection">
                            <countrySelLabel
                                jcr:primaryType="cq:Widget"
                                anchor="50%"
                                defaultValue="Country"
                                fieldLabel="Country label"
                                maxLength="{Long}10"
                                name="./countrySelLabel"
                                xtype="textfield"/>
                            <enabledCountrySelector
                                jcr:primaryType="cq:Widget"
                                fieldLabel="Enable"
                                name="./enableCountrySelector"
                                type="checkbox"
                                xtype="selection"/>
                            <Country
                                jcr:primaryType="cq:Widget"
                                collapsible="{Boolean}true"
                                id="country"
                                title="Country"
                                xtype="dialogfieldset">
                                <items jcr:primaryType="cq:WidgetCollection">
                                    <americas
                                        jcr:primaryType="cq:Widget"
                                        collapsible="{Boolean}true"
                                        id="Americas"
                                        title="Americas"
                                        xtype="dialogfieldset">
                                        <items jcr:primaryType="cq:WidgetCollection">
                                            <label
                                                jcr:primaryType="nt:unstructured"
                                                allowBlank="false"
                                                anchor="95%"
                                                fieldLabel="Label"
                                                name="./americasLabel"
                                                xtype="textfield"/>
                                            <countries
                                                jcr:primaryType="cq:Widget"
                                                addItemLabel="Add Country"
                                                anchor="95%"
                                                fieldDescription="Click the '+' to add a new country"
                                                fieldLabel="Countries"
                                                hideLabel="false"
                                                id="AmericasCountries"
                                                maxItems="{Long}100"
                                                name="./americasCountries"
                                                xtype="multifield">
                                                <fieldConfig
                                                    jcr:primaryType="cq:Widget"
                                                    xtype="multifieldpanel">
                                                    <items jcr:primaryType="cq:WidgetCollection">
                                                        <flag
                                                            jcr:primaryType="nt:unstructured"
                                                            allowBlank="false"
                                                            anchor="95%"
                                                            fieldLabel="Flag"
                                                            key="flag"
                                                            options="/etc/acs-commons/lists/metlife/countries/americas/jcr:content.list.json"
                                                            type="select"
                                                            validateOnBlur="true"
                                                            xtype="selection">
                                                            <listeners
                                                                jcr:primaryType="nt:unstructured"
                                                                selectionchanged="function(){CQ.Ext.getCmp('defaultCountrySelection').setOptions(Metlife.Global.Countries.defaultCountryProvider());}"/>
                                                        </flag>
                                                        <label
                                                            jcr:primaryType="nt:unstructured"
                                                            allowBlank="true"
                                                            anchor="95%"
                                                            fieldLabel="Label"
                                                            key="countryName"
                                                            xtype="textfield"/>
                                                        <link
                                                            jcr:primaryType="cq:Widget"
                                                            allowBlank="false"
                                                            anchor="95%"
                                                            fieldLabel="Link"
                                                            key="link"
                                                            linkPattern="\{0}.html"
                                                            xtype="pathfield">
                                                            <listeners
                                                                jcr:primaryType="nt:unstructured"
                                                                change="function(){CQ.Ext.getCmp('defaultCountrySelection').setOptions(Metlife.Global.Countries.defaultCountryProvider());}"
                                                                dialogclose="function(){CQ.Ext.getCmp('defaultCountrySelection').setOptions(Metlife.Global.Countries.defaultCountryProvider());}"/>
                                                        </link>
                                                    </items>
                                                </fieldConfig>
                                            </countries>
                                        </items>
                                    </americas>
                                    <asia
                                        jcr:primaryType="cq:Widget"
                                        collapsible="{Boolean}true"
                                        id="Asia"
                                        title="Asia"
                                        xtype="dialogfieldset">
                                        <items jcr:primaryType="cq:WidgetCollection">
                                            <label
                                                jcr:primaryType="nt:unstructured"
                                                allowBlank="false"
                                                anchor="95%"
                                                fieldLabel="Label"
                                                name="./asiaLabel"
                                                xtype="textfield"/>
                                            <countries
                                                jcr:primaryType="cq:Widget"
                                                addItemLabel="Add Country"
                                                anchor="95%"
                                                fieldDescription="Click the '+' to add a new country"
                                                fieldLabel="Countries"
                                                hideLabel="false"
                                                id="AsiaCountries"
                                                maxItems="{Long}100"
                                                name="./asiaCountries"
                                                xtype="multifield">
                                                <fieldConfig
                                                    jcr:primaryType="cq:Widget"
                                                    xtype="multifieldpanel">
                                                    <items jcr:primaryType="cq:WidgetCollection">
                                                        <flag
                                                            jcr:primaryType="nt:unstructured"
                                                            allowBlank="false"
                                                            anchor="95%"
                                                            fieldLabel="Flag"
                                                            key="flag"
                                                            options="/etc/acs-commons/lists/metlife/countries/asia/jcr:content.list.json"
                                                            type="select"
                                                            validateOnBlur="true"
                                                            xtype="selection">
                                                            <listeners
                                                                jcr:primaryType="nt:unstructured"
                                                                selectionchanged="function(){CQ.Ext.getCmp('defaultCountrySelection').setOptions(Metlife.Global.Countries.defaultCountryProvider());}"/>
                                                        </flag>
                                                        <label
                                                            jcr:primaryType="nt:unstructured"
                                                            allowBlank="true"
                                                            anchor="95%"
                                                            fieldLabel="Label"
                                                            key="countryName"
                                                            xtype="textfield"/>
                                                        <link
                                                            jcr:primaryType="cq:Widget"
                                                            allowBlank="false"
                                                            anchor="95%"
                                                            fieldLabel="Link"
                                                            key="link"
                                                            linkPattern="\{0}.html"
                                                            xtype="pathfield">
                                                            <listeners
                                                                jcr:primaryType="nt:unstructured"
                                                                change="function(){CQ.Ext.getCmp('defaultCountrySelection').setOptions(Metlife.Global.Countries.defaultCountryProvider());}"
                                                                dialogclose="function(){CQ.Ext.getCmp('defaultCountrySelection').setOptions(Metlife.Global.Countries.defaultCountryProvider());}"/>
                                                        </link>
                                                    </items>
                                                </fieldConfig>
                                            </countries>
                                        </items>
                                    </asia>
                                    <europe
                                        jcr:primaryType="cq:Widget"
                                        collapsible="{Boolean}true"
                                        id="Europe"
                                        title="Europe"
                                        xtype="dialogfieldset">
                                        <items jcr:primaryType="cq:WidgetCollection">
                                            <label
                                                jcr:primaryType="nt:unstructured"
                                                allowBlank="false"
                                                anchor="95%"
                                                fieldLabel="Label"
                                                name="./europeLabel"
                                                xtype="textfield"/>
                                            <countries
                                                jcr:primaryType="cq:Widget"
                                                addItemLabel="Add Country"
                                                anchor="95%"
                                                fieldDescription="Click the '+' to add a new country"
                                                fieldLabel="Countries"
                                                hideLabel="false"
                                                id="EuropeCountries"
                                                maxItems="{Long}100"
                                                name="./europeCountries"
                                                xtype="multifield">
                                                <fieldConfig
                                                    jcr:primaryType="cq:Widget"
                                                    xtype="multifieldpanel">
                                                    <items jcr:primaryType="cq:WidgetCollection">
                                                        <flag
                                                            jcr:primaryType="nt:unstructured"
                                                            allowBlank="false"
                                                            anchor="95%"
                                                            fieldLabel="Flag"
                                                            key="flag"
                                                            options="/etc/acs-commons/lists/metlife/countries/europe/jcr:content.list.json"
                                                            type="select"
                                                            validateOnBlur="true"
                                                            xtype="selection">
                                                            <listeners
                                                                jcr:primaryType="nt:unstructured"
                                                                selectionchanged="function(){CQ.Ext.getCmp('defaultCountrySelection').setOptions(Metlife.Global.Countries.defaultCountryProvider());}"/>
                                                        </flag>
                                                        <label
                                                            jcr:primaryType="nt:unstructured"
                                                            allowBlank="true"
                                                            anchor="95%"
                                                            fieldLabel="Label"
                                                            key="countryName"
                                                            xtype="textfield"/>
                                                        <link
                                                            jcr:primaryType="cq:Widget"
                                                            allowBlank="false"
                                                            anchor="95%"
                                                            fieldLabel="Link"
                                                            key="link"
                                                            linkPattern="\{0}.html"
                                                            xtype="pathfield">
                                                            <listeners
                                                                jcr:primaryType="nt:unstructured"
                                                                change="function(){CQ.Ext.getCmp('defaultCountrySelection').setOptions(Metlife.Global.Countries.defaultCountryProvider());}"
                                                                dialogclose="function(){CQ.Ext.getCmp('defaultCountrySelection').setOptions(Metlife.Global.Countries.defaultCountryProvider());}"/>
                                                        </link>
                                                    </items>
                                                </fieldConfig>
                                            </countries>
                                        </items>
                                    </europe>
                                    <middleEastAndAfrica
                                        jcr:primaryType="cq:Widget"
                                        collapsible="{Boolean}true"
                                        id="MiddleEastAndAfrica"
                                        title="Middle East and Africa"
                                        xtype="dialogfieldset">
                                        <items jcr:primaryType="cq:WidgetCollection">
                                            <label
                                                jcr:primaryType="nt:unstructured"
                                                allowBlank="false"
                                                anchor="95%"
                                                fieldLabel="Label"
                                                name="./middleEastAndAfricaLabel"
                                                xtype="textfield"/>
                                            <countries
                                                jcr:primaryType="cq:Widget"
                                                addItemLabel="Add Country"
                                                anchor="95%"
                                                fieldDescription="Click the '+' to add a new country"
                                                fieldLabel="Countries"
                                                hideLabel="false"
                                                id="MEACountries"
                                                maxItems="{Long}100"
                                                name="./middleEastAndAfricaCountries"
                                                xtype="multifield">
                                                <fieldConfig
                                                    jcr:primaryType="cq:Widget"
                                                    xtype="multifieldpanel">
                                                    <items jcr:primaryType="cq:WidgetCollection">
                                                        <flag
                                                            jcr:primaryType="nt:unstructured"
                                                            allowBlank="false"
                                                            anchor="95%"
                                                            fieldLabel="Flag"
                                                            key="flag"
                                                            options="/etc/acs-commons/lists/metlife/countries/middleEastAndAfrica/jcr:content.list.json"
                                                            type="select"
                                                            validateOnBlur="true"
                                                            xtype="selection">
                                                            <listeners
                                                                jcr:primaryType="nt:unstructured"
                                                                selectionchanged="function(){CQ.Ext.getCmp('defaultCountrySelection').setOptions(Metlife.Global.Countries.defaultCountryProvider());}"/>
                                                        </flag>
                                                        <label
                                                            jcr:primaryType="nt:unstructured"
                                                            allowBlank="true"
                                                            anchor="95%"
                                                            fieldLabel="Label"
                                                            key="countryName"
                                                            xtype="textfield"/>
                                                        <link
                                                            jcr:primaryType="cq:Widget"
                                                            allowBlank="false"
                                                            anchor="95%"
                                                            fieldLabel="Link"
                                                            key="link"
                                                            linkPattern="\{0}.html"
                                                            xtype="pathfield">
                                                            <listeners
                                                                jcr:primaryType="nt:unstructured"
                                                                change="function(){CQ.Ext.getCmp('defaultCountrySelection').setOptions(Metlife.Global.Countries.defaultCountryProvider());}"
                                                                dialogclose="function(){CQ.Ext.getCmp('defaultCountrySelection').setOptions(Metlife.Global.Countries.defaultCountryProvider());}"/>
                                                        </link>
                                                    </items>
                                                </fieldConfig>
                                            </countries>
                                        </items>
                                    </middleEastAndAfrica>
                                    <defaultCountry
                                        jcr:primaryType="nt:unstructured"
                                        allowBlank="false"
                                        anchor="95%"
                                        fieldLabel="Default Country"
                                        id="defaultCountrySelection"
                                        name="./defaultCountry"
                                        optionsProvider="function(path, record){ return Metlife.Global.Countries.defaultCountryProvider(path,record, this);}"
                                        type="select"
                                        xtype="selection"/>
                                    <defaultCountryLabel
                                        jcr:primaryType="nt:unstructured"
                                        allowBlank="false"
                                        anchor="95%"
                                        fieldLabel="Default Country Label"
                                        name="./defaultLabelCountry"
                                        xtype="textfield"/>
                                    <defaultCountryFlag
                                        jcr:primaryType="nt:unstructured"
                                        allowBlank="false"
                                        anchor="95%"
                                        fieldLabel="Flag"
                                        name="./defaultFlagCountry"
                                        optionsProvider="function(){&#xa;&#x9;var resultData = [];&#xa;&#x9;jQuery.ajax({&#xa;    &#x9;url: '/etc/acs-commons/lists/metlife/countries/americas/jcr:content.list.json',&#xa;    &#x9;success: function (data) {&#xa;    &#x9;&#x9;console.log(data);&#xa;&#x9;&#x9;&#x9;$.merge(resultData, data);&#xa;    &#x9;},&#xa;    &#x9;async: false&#xa;&#x9;});&#xa;&#x9;jQuery.ajax({&#xa;    &#x9;url: '/etc/acs-commons/lists/metlife/countries/asia/jcr:content.list.json',&#xa;    &#x9;success: function (data) {&#xa;&#x9;&#x9;&#x9;console.log(data);&#xa;&#x9;&#x9;&#x9;$.merge(resultData, data);&#xa;    &#x9;},&#xa;    &#x9;async: false&#xa;&#x9;});&#xa;&#x9;jQuery.ajax({&#xa;    &#x9;url: '/etc/acs-commons/lists/metlife/countries/europe/jcr:content.list.json',&#xa;    &#x9;success: function (data) {&#xa;&#x9;&#x9;&#x9;console.log(data);&#xa;&#x9;&#x9;&#x9;$.merge(resultData, data);&#xa;    &#x9;},&#xa;    &#x9;async: false&#xa;&#x9;});&#xa;&#x9;jQuery.ajax({&#xa;    &#x9;url: '/etc/acs-commons/lists/metlife/countries/middleEastAndAfrica/jcr:content.list.json',&#xa;    &#x9;success: function (data) {&#xa;&#x9;&#x9;&#x9;console.log(data);&#xa;&#x9;&#x9;&#x9;$.merge(resultData, data);&#xa;    &#x9;},&#xa;    &#x9;async: false&#xa;&#x9;});&#xa;&#x9;return resultData;&#xa;}"
                                        type="select"
                                        validateOnBlur="true"
                                        xtype="selection"/>
                                    <newsroomNamespaces
                                        jcr:primaryType="cq:Widget"
                                        fieldDescription="This namespaces are on: /etc/tags/metlife"
                                        fieldLabel="Namespace"
                                        fieldSublabel="Select Tag namespace"
                                        name="./newsroomNamespaces"
                                        optionsProvider="function(path , record) {&#xa;    return Metlife.Components.NewsRoomArticle.NameSpacesOptions();&#xa;&#xa;}"
                                        type="select"
                                        xtype="selection"/>
                                    <listofmonths
                                        jcr:primaryType="cq:Widget"
                                        fieldLabel="List of Months"
                                        name="./listofmonths"
                                        rootPath="/etc/acs-commons/lists"
                                        rootTitle="MetLife Lists"
                                        xtype="pathfield"/>
                                    <countryCode
                                        jcr:primaryType="nt:unstructured"
                                        allowBlank="false"
                                        anchor="95%"
                                        fieldLabel="Country Code"
                                        name="./countrycode"
                                        options="/etc/acs-commons/lists/country-codes/jcr:content.list.json"
                                        type="select"
                                        validateOnBlur="true"
                                        xtype="selection"/>
                                </items>
                            </Country>
                        </items>
                    </activeCountrys>
                    <activeLenguages
                        jcr:primaryType="cq:Widget"
                        collapsible="{Boolean}true"
                        title="Row Links"
                        xtype="dialogfieldset">
                        <items jcr:primaryType="cq:WidgetCollection">
                            <enabledLanguageSelector
                                jcr:primaryType="cq:Widget"
                                fieldLabel="Enable"
                                name="./enableLanguageSelector"
                                type="checkbox"
                                xtype="selection"/>
                            <Lenguage
                                jcr:primaryType="cq:Widget"
                                collapsible="{Boolean}true"
                                id="lenguage"
                                title="Links"
                                xtype="dialogfieldset">
                                <items jcr:primaryType="cq:WidgetCollection">
                                    <links
                                        jcr:primaryType="cq:Widget"
                                        fieldDescription="Click the '+' to add a new link"
                                        fieldLabel="Languages"
                                        name="./languageSelector"
                                        title=""
                                        xtype="genericmultifield">
                                        <fieldConfig jcr:primaryType="cq:WidgetCollection">
                                            <textLink
                                                jcr:primaryType="cq:Widget"
                                                allowBlank="{Boolean}false"
                                                anchor="90%"
                                                fieldDescription=""
                                                fieldLabel="Link Label"
                                                name="./langSelLinkText"
                                                xtype="textfield"/>
                                            <linkType
                                                jcr:primaryType="cq:Widget"
                                                anchor="90%"
                                                fieldLabel="Link Type"
                                                name="./langSelLinkType"
                                                type="select"
                                                xtype="selection">
                                                <options jcr:primaryType="cq:WidgetCollection">
                                                    <internal
                                                        jcr:primaryType="nt:unstructured"
                                                        text="Internal"
                                                        value="internal"/>
                                                    <external
                                                        jcr:primaryType="nt:unstructured"
                                                        text="External"
                                                        value="external"/>
                                                </options>
                                                <listeners
                                                    jcr:primaryType="nt:unstructured"
                                                    loadcontent="function() { &#xa;&#x9;if(this.getValue() =='undefined'){&#xa;&#x9;&#x9;this.findParentByType(&quot;panel&quot;).getComponent(2).setVisible(false);&#xa;&#x9;&#x9;this.findParentByType(&quot;panel&quot;).getComponent(3).setVisible(false);&#xa;&#x9;}else if(this.getValue() == 'internal'){&#xa;&#x9;&#x9;this.findParentByType(&quot;panel&quot;).getComponent(2).setVisible(true);&#x9;&#xa;&#x9;}else if(this.getValue() == 'external'){&#xa;&#x9;&#x9;this.findParentByType(&quot;panel&quot;).getComponent(3).setVisible(true);&#x9;&#xa;&#x9;}&#xa;}"
                                                    selectionchanged="function() { &#x9;&#xa;&#x9;this.findParentByType(&quot;panel&quot;).getComponent(2).setVisible(false);&#xa;&#x9;this.findParentByType(&quot;panel&quot;).getComponent(3).setVisible(false);&#x9;&#xa;&#x9;if(this.getValue() == 'internal'){&#xa;&#x9;&#x9;this.findParentByType(&quot;panel&quot;).getComponent(2).setVisible(true);&#x9;&#xa;&#x9;&#x9;this.findParentByType(&quot;panel&quot;).getComponent(3).setVisible(false);&#x9;&#x9;&#x9;&#xa;&#x9;}else if(this.getValue() == 'external'){&#xa;&#x9;&#x9;this.findParentByType(&quot;panel&quot;).getComponent(2).setVisible(false);&#xa;&#x9;&#x9;this.findParentByType(&quot;panel&quot;).getComponent(3).setVisible(true);&#xa;&#x9;}&#xa;}"/>
                                            </linkType>
                                            <internalLink
                                                jcr:primaryType="cq:Widget"
                                                anchor="90%"
                                                editable="{Boolean}false"
                                                fieldDescription=""
                                                fieldLabel="Path Page"
                                                hidden="{Boolean}true"
                                                name="./langSelInternalLink"
                                                xtype="pathfield"/>
                                            <externallink
                                                jcr:primaryType="cq:Widget"
                                                anchor="90%"
                                                fieldDescription=""
                                                fieldLabel="External URL"
                                                hidden="{Boolean}true"
                                                name="./langSelExternalLink"
                                                vtype="url"
                                                xtype="textfield"/>
                                            <targetLink
                                                jcr:primaryType="cq:Widget"
                                                anchor="90%"
                                                defaultValue="_self"
                                                fieldDescription="&lt;br>"
                                                fieldLabel="Open in"
                                                name="./langSelTargetLink"
                                                type="select"
                                                value="_self"
                                                xtype="selection">
                                                <options jcr:primaryType="cq:WidgetCollection">
                                                    <self
                                                        jcr:primaryType="nt:unstructured"
                                                        text="Same Window"
                                                        value="_self"/>
                                                    <blank
                                                        jcr:primaryType="nt:unstructured"
                                                        text="New Window"
                                                        value="_blank"/>
                                                </options>
                                            </targetLink>
                                        </fieldConfig>
                                    </links>
                                </items>
                            </Lenguage>
                        </items>
                    </activeLenguages>
                    <activeSocialMedia
                        jcr:primaryType="cq:Widget"
                        collapsible="{Boolean}true"
                        title="Social Media"
                        xtype="dialogfieldset">
                        <items jcr:primaryType="cq:WidgetCollection">
                            <enabledSocialMedia
                                jcr:primaryType="cq:Widget"
                                fieldLabel="Enable"
                                name="./enableSocialMedia"
                                type="checkbox"
                                xtype="selection"/>
                            <socialMedia
                                jcr:primaryType="cq:Widget"
                                collapsible="{Boolean}true"
                                id="socialmedia"
                                title="Social Media Links"
                                xtype="dialogfieldset">
                                <items jcr:primaryType="cq:WidgetCollection">
                                    <followuslabel
                                        jcr:primaryType="cq:Widget"
                                        fieldLabel="Follow Us Label"
                                        name="./followuslabel"
                                        xtype="textfield"/>
                                    <medialinks
                                        jcr:primaryType="cq:Widget"
                                        addItemLabel="Add social media platforms"
                                        fieldDescription="Click the '+' to add a new social media platforms"
                                        fieldLabel="Social media platforms"
                                        hideLabel="false"
                                        name="./footersociallinks"
                                        xtype="multifield">
                                        <fieldConfig
                                            jcr:primaryType="cq:Widget"
                                            xtype="multifieldpanel">
                                            <items jcr:primaryType="cq:WidgetCollection">
                                                <C_pages
                                                    jcr:primaryType="cq:Widget"
                                                    allowBlank="false"
                                                    anchor="100%"
                                                    fieldLabel="URL"
                                                    key="path"
                                                    linkPattern="\{0}.html"
                                                    rootPath="/content/metlife"
                                                    xtype="pathfield"/>
                                                <titletext
                                                    jcr:primaryType="nt:unstructured"
                                                    allowBlank="false"
                                                    anchor="100%"
                                                    fieldLabel="Title Text"
                                                    key="titleText"
                                                    validateOnBlur="true"
                                                    xtype="textfield"/>
                                                <D_target
                                                    jcr:primaryType="cq:Widget"
                                                    allowBlank="false"
                                                    defaultValue="_self"
                                                    fieldLabel="Open in"
                                                    key="target"
                                                    type="select"
                                                    xtype="selection">
                                                    <options jcr:primaryType="cq:WidgetCollection">
                                                        <self
                                                            jcr:primaryType="nt:unstructured"
                                                            text="Same Page"
                                                            value="_self"/>
                                                        <blank
                                                            jcr:primaryType="nt:unstructured"
                                                            text="New Page"
                                                            value="_blank"/>
                                                    </options>
                                                </D_target>
                                                <iconlabel
                                                    jcr:primaryType="nt:unstructured"
                                                    allowBlank="false"
                                                    anchor="100%"
                                                    fieldLabel="Icon Tag"
                                                    key="iconTag"
                                                    validateOnBlur="true"
                                                    xtype="textfield"/>
                                            </items>
                                        </fieldConfig>
                                    </medialinks>
                                    <medialinksfield
                                        jcr:primaryType="nt:unstructured"
                                        ignoreData="true"
                                        name="./footersociallinks@TypeHint"
                                        value="String[]"
                                        xtype="hidden"/>
                                    <imageNode
                                        jcr:primaryType="nt:unstructured"
                                        ignoreData="true"
                                        name="./footersocialimages/sling:resourceType"
                                        value="xumakbase/components/section/base"
                                        xtype="hidden"/>
                                </items>
                            </socialMedia>
                        </items>
                    </activeSocialMedia>
                </items>
            </countries-and-languages>
            <footer
                jcr:primaryType="cq:Panel"
                title="Footer">
                <items jcr:primaryType="cq:WidgetCollection">
                    <footerlogo
                        jcr:primaryType="cq:Widget"
                        collapsed="{Boolean}false"
                        collapsible="{Boolean}true"
                        title="Footer Logo"
                        xtype="dialogfieldset">
                        <items jcr:primaryType="cq:WidgetCollection">
                            <enabledLogo
                                jcr:primaryType="cq:Widget"
                                fieldLabel="Enable"
                                name="./enableLogoFooter"
                                type="checkbox"
                                xtype="selection"/>
                            <image
                                jcr:primaryType="cq:Widget"
                                allowBlank="false"
                                anchor="95%"
                                ddGroups="[media]"
                                fieldLabel="Image"
                                name="./footer/image/fileReference"
                                rootPath="/content/dam"
                                rootTitle="Assets"
                                xtype="pathfield"/>
                            <labellink
                                jcr:primaryType="cq:Widget"
                                anchor="95%"
                                fieldLabel="Label"
                                name="./footerLogoLabel"
                                xtype="textfield"/>
                            <link
                                jcr:primaryType="cq:Widget"
                                anchor="95%"
                                fieldLabel="Link"
                                linkPattern="\{0}.html"
                                name="./footerlogoLink"
                                rootPath="/content/metlife"
                                rootTitle="MetLife"
                                xtype="pathfield"/>
                            <alt
                                jcr:primaryType="cq:Widget"
                                anchor="95%"
                                fieldLabel="Alt Text"
                                name="./footerlogoAltText"
                                xtype="textfield"/>
                            <imageresourcetype
                                jcr:primaryType="cq:Widget"
                                ignoreData="true"
                                name="./footer/image/sling:resourceType"
                                value="foundation/components/image"
                                xtype="hidden"/>
                        </items>
                    </footerlogo>
                    <disclaimer
                        jcr:primaryType="cq:Widget"
                        collapsed="{Boolean}false"
                        collapsible="{Boolean}true"
                        title="Disclaimer"
                        xtype="dialogfieldset">
                        <items jcr:primaryType="cq:WidgetCollection">
                            <enableDisclaimer
                                jcr:primaryType="cq:Widget"
                                fieldLabel="Enable"
                                name="./enableDisclaimer"
                                type="checkbox"
                                xtype="selection"/>
                        </items>
                    </disclaimer>
                    <footerBullets
                        jcr:primaryType="cq:Widget"
                        collapsed="{Boolean}false"
                        collapsible="{Boolean}true"
                        title="Footer Legal Bullets"
                        xtype="dialogfieldset">
                        <items jcr:primaryType="cq:WidgetCollection">
                            <enabledLinks
                                jcr:primaryType="cq:Widget"
                                fieldLabel="Enable"
                                name="./enableBulletsFooter"
                                type="checkbox"
                                xtype="selection"/>
                            <bullets
                                jcr:primaryType="cq:Widget"
                                addItemLabel="Add Bullet"
                                fieldDescription="Click the '+' to add a new bullet"
                                fieldLabel="Footer Bullets"
                                hideLabel="false"
                                name="./footerbulletlinks"
                                xtype="multifield">
                                <fieldConfig
                                    jcr:primaryType="cq:Widget"
                                    xtype="multifieldpanel">
                                    <items jcr:primaryType="cq:WidgetCollection">
                                        <A_title
                                            jcr:primaryType="nt:unstructured"
                                            allowBlank="false"
                                            fieldLabel="Label"
                                            key="navigationTitle"
                                            validateOnBlur="true"
                                            xtype="textfield"/>
                                        <C_pages
                                            jcr:primaryType="cq:Widget"
                                            allowBlank="false"
                                            anchor="100%"
                                            fieldLabel="URL"
                                            key="path"
                                            linkPattern="\{0}.html"
                                            rootPath="/content/metlife"
                                            xtype="pathfield"/>
                                        <D_target
                                            jcr:primaryType="cq:Widget"
                                            allowBlank="false"
                                            defaultValue="_self"
                                            fieldLabel="Open in"
                                            key="target"
                                            type="select"
                                            xtype="selection">
                                            <options jcr:primaryType="cq:WidgetCollection">
                                                <self
                                                    jcr:primaryType="nt:unstructured"
                                                    text="Same Page"
                                                    value="_self"/>
                                                <blank
                                                    jcr:primaryType="nt:unstructured"
                                                    text="New Page"
                                                    value="_blank"/>
                                            </options>
                                        </D_target>
                                    </items>
                                </fieldConfig>
                            </bullets>
                        </items>
                    </footerBullets>
                    <legaldisclaimer
                        jcr:primaryType="cq:Widget"
                        border="{Boolean}false"
                        collapsible="{Boolean}true"
                        title="Legal disclaimer"
                        xtype="dialogfieldset">
                        <items jcr:primaryType="cq:WidgetCollection">
                            <enabledLegalDisclaimer
                                jcr:primaryType="cq:Widget"
                                fieldLabel="Enable"
                                name="./enableLegalDisclaimer"
                                type="checkbox"
                                xtype="selection"/>
                            <text
                                jcr:primaryType="cq:Widget"
                                anchor="95%"
                                hideLabel="{Boolean}true"
                                name="./footerLegalDisclaimer"
                                removeSingleParagraphContainer="{Boolean}true"
                                xtype="richtext">
                                <rtePlugins jcr:primaryType="nt:unstructured">
                                    <subsuperscript
                                        jcr:primaryType="nt:unstructured"
                                        features="*"/>
                                </rtePlugins>
                            </text>
                        </items>
                    </legaldisclaimer>
                    <bulletsfield
                        jcr:primaryType="nt:unstructured"
                        ignoreData="true"
                        name="./footerbulletlinks@TypeHint"
                        value="String[]"
                        xtype="hidden"/>
                </items>
            </footer>
            <vendor-scripts
                jcr:primaryType="cq:Widget"
                path="/apps/MetlifeApp/components/page/htmlbase/vendorscripts.infinity.json"
                xtype="cqinclude"/>
            <form-config
                jcr:primaryType="cq:Panel"
                title="Form Configuration">
                <items jcr:primaryType="cq:WidgetCollection">
                    <contactCard
                        jcr:primaryType="cq:Widget"
                        collapsible="{Boolean}true"
                        title="General Form"
                        xtype="dialogfieldset">
                        <items jcr:primaryType="cq:WidgetCollection">
                            <hiddenFieldList
                                jcr:primaryType="cq:Widget"
                                fieldLabel="Hidden Field List"
                                name="./globalContactFormhiddfieldList"
                                rootPath="/etc/acs-commons/lists/metlife/clr"
                                xtype="pathfield"/>
                        </items>
                    </contactCard>
                    <formSideBar
                        jcr:primaryType="cq:Widget"
                        collapsible="{Boolean}true"
                        title="Form Sidebar"
                        xtype="dialogfieldset">
                        <items jcr:primaryType="cq:WidgetCollection">
                            <title
                                jcr:primaryType="nt:unstructured"
                                anchor="98%"
                                fieldLabel="Form Title"
                                name="./sidebarFromTitle"
                                xtype="textfield"/>
                            <sub-title
                                jcr:primaryType="nt:unstructured"
                                anchor="98%"
                                fieldLabel="Form Sub title"
                                name="./sidebarFormSubTitle"
                                xtype="textfield"/>
                            <thanksMessage
                                jcr:primaryType="cq:Widget"
                                collapsed="{Boolean}false"
                                collapsible="{Boolean}false"
                                title="Thanks Information"
                                xtype="dialogfieldset">
                                <items jcr:primaryType="cq:WidgetCollection">
                                    <thanks-message
                                        jcr:primaryType="nt:unstructured"
                                        anchor="98%"
                                        fieldLabel="Thank You Message"
                                        name="./sideBarthanksMessage"
                                        xtype="textfield"/>
                                    <thanks-sub-message
                                        jcr:primaryType="nt:unstructured"
                                        anchor="98%"
                                        fieldLabel="Thank You Sub Message"
                                        name="./sideBarthanksSubMessage"
                                        xtype="textfield"/>
                                </items>
                            </thanksMessage>
                            <contactInfo
                                jcr:primaryType="cq:Widget"
                                collapsed="{Boolean}false"
                                collapsible="{Boolean}false"
                                title="Contact Information"
                                xtype="dialogfieldset">
                                <items jcr:primaryType="cq:WidgetCollection">
                                    <contact-disclaimer
                                        jcr:primaryType="nt:unstructured"
                                        anchor="98%"
                                        fieldLabel="Form Disclaimer"
                                        name="./sidebarContactDisclaimer"
                                        xtype="richtext">
                                        <rtePlugins jcr:primaryType="nt:unstructured">
                                            <styles
                                                jcr:primaryType="nt:unstructured"
                                                features="*">
                                                <styles jcr:primaryType="cq:WidgetCollection">
                                                    <large-title
                                                        jcr:primaryType="nt:unstructured"
                                                        cssName="contactDisclaimer"
                                                        text="Contact Disclaimer"/>
                                                </styles>
                                            </styles>
                                        </rtePlugins>
                                    </contact-disclaimer>
                                    <contact-details
                                        jcr:primaryType="nt:unstructured"
                                        anchor="98%"
                                        fieldLabel="Contact Number"
                                        name="./sidebarContactDetails"
                                        xtype="richtext"/>
                                    <other-contact
                                        jcr:primaryType="nt:unstructured"
                                        anchor="98%"
                                        fieldLabel="Other Contact Options Link"
                                        name="./sidebarOtherContactTitle"
                                        xtype="richtext"/>
                                </items>
                            </contactInfo>
                        </items>
                    </formSideBar>
                </items>
            </form-config>
        </items>
    </items>
</jcr:root>
