<?xml version="1.0" encoding="UTF-8"?>
<jcr:root xmlns:cq="http://www.day.com/jcr/cq/1.0" xmlns:jcr="http://www.jcp.org/jcr/1.0" xmlns:nt="http://www.jcp.org/jcr/nt/1.0"
    jcr:primaryType="cq:Dialog"
    height="550"
    title="Disclaimer Component Dialog"
    width="750"
    xtype="dialog">
    <items
        jcr:primaryType="cq:Widget"
        xtype="tabpanel">
        <items jcr:primaryType="cq:WidgetCollection">
            <configuration
                jcr:primaryType="cq:Panel"
                title="Configuration">
                <items jcr:primaryType="cq:WidgetCollection">
                    <disclaimerText
                        jcr:primaryType="cq:Widget"
                        fieldLabel="Text"
                        height="400"
                        name="./disclaimerText"
                        xtype="richtext">
                        <rtePlugins jcr:primaryType="nt:unstructured">
                            <styles
                                jcr:primaryType="nt:unstructured"
                                features="*">
                                <styles jcr:primaryType="cq:WidgetCollection">
                                    <disclaimer
                                        jcr:primaryType="nt:unstructured"
                                        cssName="disclaimer"
                                        text="Microsite Disclaimer"/>
                                </styles>
                            </styles>
                        </rtePlugins>
                    </disclaimerText>
                </items>
            </configuration>
        </items>
    </items>
</jcr:root>
