<?xml version="1.0" encoding="UTF-8"?>
<jcr:root xmlns:cq="http://www.day.com/jcr/cq/1.0" xmlns:jcr="http://www.jcp.org/jcr/1.0" xmlns:nt="http://www.jcp.org/jcr/nt/1.0"
    jcr:primaryType="cq:Dialog"
    title="Page Titles Configuration"
    xtype="dialog">
    <items
        jcr:primaryType="cq:Widget"
        xtype="tabpanel">
        <items jcr:primaryType="cq:WidgetCollection">
            <tab1
                jcr:primaryType="cq:Panel"
                title="Configuration">
                <items jcr:primaryType="cq:WidgetCollection">
                    <campaignTitle
                        jcr:primaryType="cq:Widget"
                        fieldLabel="Title"
                        name="./campaignTitle"
                        xtype="richtext">
                        <htmlRules jcr:primaryType="nt:unstructured">
                            <docType jcr:primaryType="nt:unstructured">
                                <typeConfig
                                    jcr:primaryType="nt:unstructured"
                                    useSemanticMarkup="{Boolean}true">
                                    <semanticMarkupMap
                                        jcr:primaryType="nt:unstructured"
                                        strong="b"/>
                                </typeConfig>
                            </docType>
                            <blockHandling
                                jcr:primaryType="nt:unstructured"
                                removeSingleParagraphContainer="{Boolean}true"/>
                        </htmlRules>
                    </campaignTitle>
                    <campaignSubtitle
                        jcr:primaryType="cq:Widget"
                        fieldLabel="Subtitle"
                        name="./campaignSubtitle"
                        xtype="textfield"/>
                </items>
            </tab1>
        </items>
    </items>
</jcr:root>
