<?xml version="1.0" encoding="UTF-8"?>
<jcr:root xmlns:cq="http://www.day.com/jcr/cq/1.0" xmlns:jcr="http://www.jcp.org/jcr/1.0" xmlns:nt="http://www.jcp.org/jcr/nt/1.0"
    jcr:primaryType="cq:Dialog"
    title="Contextual Links Container"
    xtype="dialog">
    <items
        jcr:primaryType="cq:Widget"
        xtype="tabpanel">
        <items jcr:primaryType="cq:WidgetCollection">
            <tab1
                jcr:primaryType="cq:Panel"
                title="Configuration">
                <items jcr:primaryType="cq:WidgetCollection">
                    <type
                        jcr:primaryType="cq:Widget"
                        fieldLabel="Type"
                        name="./type"
                        type="select"
                        xtype="selection">
                        <options jcr:primaryType="cq:WidgetCollection">
                            <four-items
                                jcr:primaryType="nt:unstructured"
                                text="Four Links"
                                value="4"/>
                            <three-items
                                jcr:primaryType="nt:unstructured"
                                text="Three Links"
                                value="3"/>
                            <two-items
                                jcr:primaryType="nt:unstructured"
                                text="Two Links"
                                value="2"/>
                            <one-item
                                jcr:primaryType="nt:unstructured"
                                text="One Links"
                                value="1"/>
                        </options>
                    </type>
                </items>
            </tab1>
        </items>
    </items>
    <xk.config
        jcr:primaryType="nt:unstructured"
        xk_containerClasses="[large_product_module_wrapper col-md-12]"
        xk_placeholderTriggers="[list.tiles]"/>
</jcr:root>
