<?xml version="1.0" encoding="UTF-8"?>
<jcr:root xmlns:cq="http://www.day.com/jcr/cq/1.0" xmlns:jcr="http://www.jcp.org/jcr/1.0" xmlns:nt="http://www.jcp.org/jcr/nt/1.0"
    jcr:primaryType="cq:Dialog"
    height="550"
    title="Dialog"
    width="710"
    xtype="dialog">
    <items
        jcr:primaryType="cq:Widget"
        xtype="tabpanel">
        <items jcr:primaryType="cq:WidgetCollection">
            <tab1
                jcr:primaryType="cq:Panel"
                title="Settings"
                xtype="panel">
                <items jcr:primaryType="cq:WidgetCollection">
                    <links
                        jcr:primaryType="cq:Widget"
                        fieldDescription="Click the '+' to add a new link"
                        fieldLabel="Links"
                        name="genericmultifield"
                        title=""
                        xtype="genericmultifield">
                        <fieldConfig jcr:primaryType="cq:WidgetCollection">
                            <textLink
                                jcr:primaryType="cq:Widget"
                                allowBlank="{Boolean}false"
                                anchor="90%"
                                fieldDescription=""
                                fieldLabel="Link Label"
                                name="./linkText"
                                xtype="textfield"/>
                            <linkType
                                jcr:primaryType="cq:Widget"
                                anchor="90%"
                                fieldLabel="Link Type"
                                name="./linkType"
                                type="select"
                                xtype="selection">
                                <options jcr:primaryType="cq:WidgetCollection">
                                    <internal
                                        jcr:primaryType="nt:unstructured"
                                        text="Internal"
                                        value="internal"/>
                                    <external
                                        jcr:primaryType="nt:unstructured"
                                        text="External"
                                        value="external"/>
                                </options>
                                <listeners
                                    jcr:primaryType="nt:unstructured"
                                    loadcontent="function() { &#xa;&#x9;if(this.getValue() =='undefined'){&#xa;&#x9;&#x9;this.findParentByType(&quot;panel&quot;).getComponent(2).setVisible(false);&#xa;&#x9;&#x9;this.findParentByType(&quot;panel&quot;).getComponent(3).setVisible(false);&#xa;&#x9;}else if(this.getValue() == 'internal'){&#xa;&#x9;&#x9;this.findParentByType(&quot;panel&quot;).getComponent(2).setVisible(true);&#x9;&#xa;&#x9;}else if(this.getValue() == 'external'){&#xa;&#x9;&#x9;this.findParentByType(&quot;panel&quot;).getComponent(3).setVisible(true);&#x9;&#xa;&#x9;}&#xa;}"
                                    selectionchanged="function() { &#x9;&#xa;&#x9;this.findParentByType(&quot;panel&quot;).getComponent(2).setVisible(false);&#xa;&#x9;this.findParentByType(&quot;panel&quot;).getComponent(3).setVisible(false);&#x9;&#xa;&#x9;if(this.getValue() == 'internal'){&#xa;&#x9;&#x9;this.findParentByType(&quot;panel&quot;).getComponent(2).setVisible(true);&#x9;&#xa;&#x9;&#x9;this.findParentByType(&quot;panel&quot;).getComponent(3).setVisible(false);&#x9;&#x9;&#x9;&#xa;&#x9;}else if(this.getValue() == 'external'){&#xa;&#x9;&#x9;this.findParentByType(&quot;panel&quot;).getComponent(2).setVisible(false);&#xa;&#x9;&#x9;this.findParentByType(&quot;panel&quot;).getComponent(3).setVisible(true);&#xa;&#x9;}&#xa;}"/>
                            </linkType>
                            <internalLink
                                jcr:primaryType="cq:Widget"
                                anchor="90%"
                                editable="{Boolean}false"
                                fieldDescription=""
                                fieldLabel="Path Page"
                                hidden="{Boolean}true"
                                name="./internalLink"
                                xtype="pathfield"/>
                            <externallink
                                jcr:primaryType="cq:Widget"
                                anchor="90%"
                                fieldDescription=""
                                fieldLabel="External URL"
                                hidden="{Boolean}true"
                                name="./externalLink"
                                vtype="url"
                                xtype="textfield"/>
                        </fieldConfig>
                    </links>
                </items>
            </tab1>
        </items>
    </items>
</jcr:root>
