<?xml version="1.0" encoding="UTF-8"?>
<jcr:root xmlns:cq="http://www.day.com/jcr/cq/1.0" xmlns:jcr="http://www.jcp.org/jcr/1.0" xmlns:nt="http://www.jcp.org/jcr/nt/1.0"
    jcr:primaryType="cq:Dialog"
    title="Dialog Richtext Component"
    xtype="dialog">
    <items
        jcr:primaryType="cq:Widget"
        xtype="tabpanel">
        <items jcr:primaryType="cq:WidgetCollection">
            <tab1
                jcr:primaryType="cq:Panel"
                title="Configuration">
                <items jcr:primaryType="cq:WidgetCollection">
                    <text
                        jcr:primaryType="cq:Widget"
                        fieldLabel="Text"
                        name="./text"
                        xtype="richtext">
                        <rtePlugins jcr:primaryType="nt:unstructured">
                            <styles
                                jcr:primaryType="nt:unstructured"
                                features="*">
                                <styles jcr:primaryType="cq:WidgetCollection">
                                    <sub-text-bold
                                        jcr:primaryType="nt:unstructured"
                                        cssName="no-margin text-bold"
                                        text="Title Paragraph"/>
                                    <title-text-bold
                                        jcr:primaryType="nt:unstructured"
                                        cssName="text-bold"
                                        text="Subtitle"/>
                                </styles>
                            </styles>
                        </rtePlugins>
                    </text>
                </items>
            </tab1>
        </items>
    </items>
</jcr:root>
