<?xml version="1.0" encoding="UTF-8"?>
<jcr:root xmlns:cq="http://www.day.com/jcr/cq/1.0" xmlns:jcr="http://www.jcp.org/jcr/1.0" xmlns:nt="http://www.jcp.org/jcr/nt/1.0"
    jcr:primaryType="cq:Dialog"
    height="600"
    title="Table"
    width="{Decimal}800"
    xtype="dialog">
    <items
        jcr:primaryType="cq:Widget"
        xtype="tabpanel">
        <items jcr:primaryType="cq:WidgetCollection">
            <tab1
                jcr:primaryType="cq:Panel"
                fieldLabel="Title"
                title="Columns configuration">
                <items jcr:primaryType="cq:WidgetCollection">
                    <title
                        jcr:primaryType="cq:Widget"
                        fieldLabel="Table Title"
                        name="./title"
                        xtype="textfield"/>
                    <columns-number
                        jcr:primaryType="cq:Widget"
                        defaultValue="1"
                        fieldLabel="Number of columns"
                        itemId="colsNumber"
                        name="./numberOfColumns"
                        type="select"
                        xtype="selection">
                        <options jcr:primaryType="cq:WidgetCollection">
                            <option1
                                jcr:primaryType="nt:unstructured"
                                text="1"
                                value="1"/>
                            <option2
                                jcr:primaryType="nt:unstructured"
                                text="2"
                                value="2"/>
                            <option3
                                jcr:primaryType="nt:unstructured"
                                text="3"
                                value="3"/>
                            <option4
                                jcr:primaryType="nt:unstructured"
                                text="4"
                                value="4"/>
                            <option5
                                jcr:primaryType="nt:unstructured"
                                text="5"
                                value="5"/>
                            <option6
                                jcr:primaryType="nt:unstructured"
                                text="6"
                                value="6"/>
                            <option7
                                jcr:primaryType="nt:unstructured"
                                text="7"
                                value="7"/>
                            <option8
                                jcr:primaryType="nt:unstructured"
                                text="8"
                                value="8"/>
                            <option9
                                jcr:primaryType="nt:unstructured"
                                text="9"
                                value="9"/>
                            <option10
                                jcr:primaryType="nt:unstructured"
                                text="10"
                                value="10"/>
                            <option11
                                jcr:primaryType="nt:unstructured"
                                text="11"
                                value="11"/>
                            <option12
                                jcr:primaryType="nt:unstructured"
                                text="12"
                                value="12"/>
                        </options>
                        <listeners
                            jcr:primaryType="nt:unstructured"
                            loadcontent="function(field,record,path){MetlifeMicrosites.Components.tableComponent.hideOrShowColumns( field, field.value, &quot;&quot;);}"
                            selectionchanged="function(selection,value, checked){MetlifeMicrosites.Components.tableComponent.hideOrShowColumns( selection,value, checked);}"/>
                    </columns-number>
                </items>
            </tab1>
            <column1
                jcr:primaryType="cq:Panel"
                title="Column 1">
                <items jcr:primaryType="cq:WidgetCollection">
                    <rows
                        jcr:primaryType="cq:Widget"
                        fieldLabel="Items"
                        name="./columnItems1"
                        width="290"
                        xtype="multifield">
                        <fieldConfig
                            jcr:primaryType="cq:Widget"
                            anchor="90%"
                            boxMinWidth="{Long}225"
                            xtype="textfield"/>
                    </rows>
                    <button-cont
                        jcr:primaryType="cq:Widget"
                        collapsed="{Boolean}false"
                        collapsible="{Boolean}true"
                        title="Button"
                        xtype="dialogfieldset">
                        <items jcr:primaryType="cq:WidgetCollection">
                            <button
                                jcr:primaryType="cq:Widget"
                                fieldLabel="Button Title"
                                name="./button1"
                                width="290"
                                xtype="textfield"/>
                            <buttonLink
                                jcr:primaryType="cq:Widget"
                                anchor="95%"
                                fieldLabel="Link Button"
                                linkPattern="\{0}.html"
                                name="./buttonLink1"
                                rootPath="/content/metlife"
                                rootTitle="MetLife"
                                xtype="pathfield"/>
                            <button-target
                                jcr:primaryType="cq:Widget"
                                anchor="95%"
                                defaultValue="_self"
                                fieldLabel="Open in"
                                key="target"
                                name="./targetButton1"
                                type="select"
                                xtype="selection">
                                <options jcr:primaryType="cq:WidgetCollection">
                                    <self
                                        jcr:primaryType="nt:unstructured"
                                        text="Same Page"
                                        value="_self"/>
                                    <blank
                                        jcr:primaryType="nt:unstructured"
                                        text="New Page"
                                        value="_blank"/>
                                </options>
                            </button-target>
                        </items>
                    </button-cont>
                    <link-cont
                        jcr:primaryType="cq:Widget"
                        collapsed="{Boolean}false"
                        collapsible="{Boolean}true"
                        title="Link"
                        xtype="dialogfieldset">
                        <items jcr:primaryType="cq:WidgetCollection">
                            <enabledLinks
                                jcr:primaryType="cq:Widget"
                                fieldDescription="If checkbox is selected the path field will point to a page, if the checkbox is not selected the path field will point to a file in the dam."
                                fieldLabel="Path behavior"
                                name="./enableLinks1"
                                type="checkbox"
                                xtype="selection">
                                <listeners
                                    jcr:primaryType="nt:unstructured"
                                    loadcontent="function(field,record,path){MetlifeMicrosites.Components.hidePathfield.loadContent(field,record,path,&quot;column1Button&quot;);}"
                                    selectionchanged="function(selection, value, isChanged) {MetlifeMicrosites.Components.hidePathfield.selectionChanged(selection, value, isChanged,&quot;column1Button&quot;);}"/>
                            </enabledLinks>
                            <link
                                jcr:primaryType="cq:Widget"
                                fieldLabel="Title"
                                name="./link1"
                                width="290"
                                xtype="textfield"/>
                            <pdf-link
                                jcr:primaryType="cq:Widget"
                                fieldLabel="Path"
                                itemId="column1Buttonpdf"
                                name="./pdflink1/fileReference"
                                rootPath="/content/dam/metlifecom"
                                rootTitle="MetLife"
                                xtype="pathfield"/>
                            <link-path
                                jcr:primaryType="cq:Widget"
                                anchor="95%"
                                fieldLabel="Path"
                                itemId="column1Buttonlink"
                                linkPattern="\{0}.html"
                                name="./optionLink1"
                                rootPath="/content/metlife"
                                rootTitle="MetLife"
                                xtype="pathfield"/>
                            <pdfNode
                                jcr:primaryType="nt:unstructured"
                                ignoreData="true"
                                name="./pdflink1/sling:resourceType"
                                value="xumakbase/components/section/base"
                                xtype="hidden"/>
                            <link-target
                                jcr:primaryType="cq:Widget"
                                anchor="95%"
                                defaultValue="_self"
                                fieldLabel="Open in"
                                key="target"
                                name="./targetLink1"
                                type="select"
                                xtype="selection">
                                <options jcr:primaryType="cq:WidgetCollection">
                                    <self
                                        jcr:primaryType="nt:unstructured"
                                        text="Same Page"
                                        value="_self"/>
                                    <blank
                                        jcr:primaryType="nt:unstructured"
                                        text="New Page"
                                        value="_blank"/>
                                </options>
                            </link-target>
                        </items>
                    </link-cont>
                </items>
            </column1>
            <column2
                jcr:primaryType="cq:Panel"
                itemId="colu25"
                title="Column 2">
                <items jcr:primaryType="cq:WidgetCollection">
                    <rows
                        jcr:primaryType="cq:Widget"
                        fieldLabel="Items"
                        name="./columnItems2"
                        width="290"
                        xtype="multifield">
                        <fieldConfig
                            jcr:primaryType="cq:Widget"
                            anchor="90%"
                            boxMinWidth="{Long}225"
                            xtype="textfield"/>
                    </rows>
                    <button-cont
                        jcr:primaryType="cq:Widget"
                        collapsed="{Boolean}false"
                        collapsible="{Boolean}true"
                        title="Button"
                        xtype="dialogfieldset">
                        <items jcr:primaryType="cq:WidgetCollection">
                            <button
                                jcr:primaryType="cq:Widget"
                                fieldLabel="Button Title"
                                name="./button2"
                                width="290"
                                xtype="textfield"/>
                            <buttonLink
                                jcr:primaryType="cq:Widget"
                                anchor="95%"
                                fieldLabel="Link Button"
                                linkPattern="\{0}.html"
                                name="./buttonLink2"
                                rootPath="/content/metlife"
                                rootTitle="MetLife"
                                xtype="pathfield"/>
                            <button-target
                                jcr:primaryType="cq:Widget"
                                anchor="95%"
                                defaultValue="_self"
                                fieldLabel="Open in"
                                key="target"
                                name="./targetButton2"
                                type="select"
                                xtype="selection">
                                <options jcr:primaryType="cq:WidgetCollection">
                                    <self
                                        jcr:primaryType="nt:unstructured"
                                        text="Same Page"
                                        value="_self"/>
                                    <blank
                                        jcr:primaryType="nt:unstructured"
                                        text="New Page"
                                        value="_blank"/>
                                </options>
                            </button-target>
                        </items>
                    </button-cont>
                    <link-cont
                        jcr:primaryType="cq:Widget"
                        collapsed="{Boolean}false"
                        collapsible="{Boolean}true"
                        title="Link"
                        xtype="dialogfieldset">
                        <items jcr:primaryType="cq:WidgetCollection">
                            <enabledLinks
                                jcr:primaryType="cq:Widget"
                                fieldDescription="If checkbox is selected the path field will point to a page, if the checkbox is not selected the path field will point to a file in the dam."
                                fieldLabel="Path behavior"
                                name="./enableLinks2"
                                type="checkbox"
                                xtype="selection">
                                <listeners
                                    jcr:primaryType="nt:unstructured"
                                    loadcontent="function(field,record,path){MetlifeMicrosites.Components.hidePathfield.loadContent(field,record,path,&quot;column2Button&quot;);}"
                                    selectionchanged="function(selection, value, isChanged) {MetlifeMicrosites.Components.hidePathfield.selectionChanged(selection, value, isChanged,&quot;column2Button&quot;);}"/>
                            </enabledLinks>
                            <link
                                jcr:primaryType="cq:Widget"
                                fieldLabel="Title"
                                name="./link2"
                                width="290"
                                xtype="textfield"/>
                            <pdf-link
                                jcr:primaryType="cq:Widget"
                                fieldLabel="Path"
                                itemId="column2Buttonpdf"
                                name="./pdflink2/fileReference"
                                rootPath="/content/dam/metlifecom"
                                rootTitle="MetLife"
                                xtype="pathfield"/>
                            <link-path
                                jcr:primaryType="cq:Widget"
                                anchor="95%"
                                fieldLabel="Path"
                                itemId="column2Buttonlink"
                                linkPattern="\{0}.html"
                                name="./optionLink2"
                                rootPath="/content/metlife"
                                rootTitle="MetLife"
                                xtype="pathfield"/>
                            <pdfNode
                                jcr:primaryType="nt:unstructured"
                                ignoreData="true"
                                name="./pdflink2/sling:resourceType"
                                value="xumakbase/components/section/base"
                                xtype="hidden"/>
                            <link-target
                                jcr:primaryType="cq:Widget"
                                anchor="95%"
                                defaultValue="_self"
                                fieldLabel="Open in"
                                key="target"
                                name="./targetLink2"
                                type="select"
                                xtype="selection">
                                <options jcr:primaryType="cq:WidgetCollection">
                                    <self
                                        jcr:primaryType="nt:unstructured"
                                        text="Same Page"
                                        value="_self"/>
                                    <blank
                                        jcr:primaryType="nt:unstructured"
                                        text="New Page"
                                        value="_blank"/>
                                </options>
                            </link-target>
                        </items>
                    </link-cont>
                </items>
            </column2>
            <column3
                jcr:primaryType="cq:Panel"
                itemId="colu35"
                title="Column 3">
                <items jcr:primaryType="cq:WidgetCollection">
                    <rows
                        jcr:primaryType="cq:Widget"
                        fieldLabel="Items"
                        name="./columnItems3"
                        width="290"
                        xtype="multifield">
                        <fieldConfig
                            jcr:primaryType="cq:Widget"
                            anchor="90%"
                            boxMinWidth="{Long}225"
                            xtype="textfield"/>
                    </rows>
                    <button-cont
                        jcr:primaryType="cq:Widget"
                        collapsed="{Boolean}false"
                        collapsible="{Boolean}true"
                        title="Button"
                        xtype="dialogfieldset">
                        <items jcr:primaryType="cq:WidgetCollection">
                            <button
                                jcr:primaryType="cq:Widget"
                                fieldLabel="Button Title"
                                name="./button3"
                                width="290"
                                xtype="textfield"/>
                            <buttonLink
                                jcr:primaryType="cq:Widget"
                                anchor="95%"
                                fieldLabel="Link Button"
                                linkPattern="\{0}.html"
                                name="./buttonLink3"
                                rootPath="/content/metlife"
                                rootTitle="MetLife"
                                xtype="pathfield"/>
                            <button-target
                                jcr:primaryType="cq:Widget"
                                anchor="95%"
                                defaultValue="_self"
                                fieldLabel="Open in"
                                key="target"
                                name="./targetButton3"
                                type="select"
                                xtype="selection">
                                <options jcr:primaryType="cq:WidgetCollection">
                                    <self
                                        jcr:primaryType="nt:unstructured"
                                        text="Same Page"
                                        value="_self"/>
                                    <blank
                                        jcr:primaryType="nt:unstructured"
                                        text="New Page"
                                        value="_blank"/>
                                </options>
                            </button-target>
                        </items>
                    </button-cont>
                    <link-cont
                        jcr:primaryType="cq:Widget"
                        collapsed="{Boolean}false"
                        collapsible="{Boolean}true"
                        title="Link"
                        xtype="dialogfieldset">
                        <items jcr:primaryType="cq:WidgetCollection">
                            <enabledLinks
                                jcr:primaryType="cq:Widget"
                                fieldDescription="If checkbox is selected the path field will point to a page, if the checkbox is not selected the path field will point to a file in the dam."
                                fieldLabel="Path behavior"
                                name="./enableLinks2"
                                type="checkbox"
                                xtype="selection">
                                <listeners
                                    jcr:primaryType="nt:unstructured"
                                    loadcontent="function(field,record,path){MetlifeMicrosites.Components.hidePathfield.loadContent(field,record,path,&quot;column3Button&quot;);}"
                                    selectionchanged="function(selection, value, isChanged) {MetlifeMicrosites.Components.hidePathfield.selectionChanged(selection, value, isChanged,&quot;column3Button&quot;);}"/>
                            </enabledLinks>
                            <link
                                jcr:primaryType="cq:Widget"
                                fieldLabel="Title"
                                name="./link3"
                                width="290"
                                xtype="textfield"/>
                            <pdf-link
                                jcr:primaryType="cq:Widget"
                                fieldLabel="Path"
                                itemId="column3Buttonpdf"
                                name="./pdflink3/fileReference"
                                rootPath="/content/dam/metlifecom"
                                rootTitle="MetLife"
                                xtype="pathfield"/>
                            <link-path
                                jcr:primaryType="cq:Widget"
                                anchor="95%"
                                fieldLabel="Path"
                                itemId="column3Buttonlink"
                                linkPattern="\{0}.html"
                                name="./optionLink3"
                                rootPath="/content/metlife"
                                rootTitle="MetLife"
                                xtype="pathfield"/>
                            <pdfNode
                                jcr:primaryType="nt:unstructured"
                                ignoreData="true"
                                name="./pdflink3/sling:resourceType"
                                value="xumakbase/components/section/base"
                                xtype="hidden"/>
                            <link-target
                                jcr:primaryType="cq:Widget"
                                anchor="95%"
                                defaultValue="_self"
                                fieldLabel="Open in"
                                key="target"
                                name="./targetLink3"
                                type="select"
                                xtype="selection">
                                <options jcr:primaryType="cq:WidgetCollection">
                                    <self
                                        jcr:primaryType="nt:unstructured"
                                        text="Same Page"
                                        value="_self"/>
                                    <blank
                                        jcr:primaryType="nt:unstructured"
                                        text="New Page"
                                        value="_blank"/>
                                </options>
                            </link-target>
                        </items>
                    </link-cont>
                </items>
            </column3>
            <column4
                jcr:primaryType="cq:Panel"
                itemId="colu45"
                title="Column 4">
                <items jcr:primaryType="cq:WidgetCollection">
                    <rows
                        jcr:primaryType="cq:Widget"
                        fieldLabel="Items"
                        name="./columnItems4"
                        width="290"
                        xtype="multifield">
                        <fieldConfig
                            jcr:primaryType="cq:Widget"
                            anchor="90%"
                            boxMinWidth="{Long}225"
                            xtype="textfield"/>
                    </rows>
                    <button-cont
                        jcr:primaryType="cq:Widget"
                        collapsed="{Boolean}false"
                        collapsible="{Boolean}true"
                        title="Button"
                        xtype="dialogfieldset">
                        <items jcr:primaryType="cq:WidgetCollection">
                            <button
                                jcr:primaryType="cq:Widget"
                                fieldLabel="Button Title"
                                name="./button4"
                                width="290"
                                xtype="textfield"/>
                            <buttonLink
                                jcr:primaryType="cq:Widget"
                                anchor="95%"
                                fieldLabel="Link Button"
                                linkPattern="\{0}.html"
                                name="./buttonLink4"
                                rootPath="/content/metlife"
                                rootTitle="MetLife"
                                xtype="pathfield"/>
                            <button-target
                                jcr:primaryType="cq:Widget"
                                anchor="95%"
                                defaultValue="_self"
                                fieldLabel="Open in"
                                key="target"
                                name="./targetButton4"
                                type="select"
                                xtype="selection">
                                <options jcr:primaryType="cq:WidgetCollection">
                                    <self
                                        jcr:primaryType="nt:unstructured"
                                        text="Same Page"
                                        value="_self"/>
                                    <blank
                                        jcr:primaryType="nt:unstructured"
                                        text="New Page"
                                        value="_blank"/>
                                </options>
                            </button-target>
                        </items>
                    </button-cont>
                    <link-cont
                        jcr:primaryType="cq:Widget"
                        collapsed="{Boolean}false"
                        collapsible="{Boolean}true"
                        title="Link"
                        xtype="dialogfieldset">
                        <items jcr:primaryType="cq:WidgetCollection">
                            <enabledLinks
                                jcr:primaryType="cq:Widget"
                                fieldDescription="If checkbox is selected the path field will point to a page, if the checkbox is not selected the path field will point to a file in the dam."
                                fieldLabel="Path behavior"
                                name="./enableLinks4"
                                type="checkbox"
                                xtype="selection">
                                <listeners
                                    jcr:primaryType="nt:unstructured"
                                    loadcontent="function(field,record,path){MetlifeMicrosites.Components.hidePathfield.loadContent(field,record,path,&quot;column4Button&quot;);}"
                                    selectionchanged="function(selection, value, isChanged) {MetlifeMicrosites.Components.hidePathfield.selectionChanged(selection, value, isChanged,&quot;column4Button&quot;);}"/>
                            </enabledLinks>
                            <link
                                jcr:primaryType="cq:Widget"
                                fieldLabel="Title"
                                name="./link4"
                                width="290"
                                xtype="textfield"/>
                            <pdf-link
                                jcr:primaryType="cq:Widget"
                                fieldLabel="Path"
                                itemId="column4Buttonpdf"
                                name="./pdflink4/fileReference"
                                rootPath="/content/dam/metlifecom"
                                rootTitle="MetLife"
                                xtype="pathfield"/>
                            <link-path
                                jcr:primaryType="cq:Widget"
                                anchor="95%"
                                fieldLabel="Path"
                                itemId="column4Buttonlink"
                                linkPattern="\{0}.html"
                                name="./optionLink4"
                                rootPath="/content/metlife"
                                rootTitle="MetLife"
                                xtype="pathfield"/>
                            <pdfNode
                                jcr:primaryType="nt:unstructured"
                                ignoreData="true"
                                name="./pdflink4/sling:resourceType"
                                value="xumakbase/components/section/base"
                                xtype="hidden"/>
                            <link-target
                                jcr:primaryType="cq:Widget"
                                anchor="95%"
                                defaultValue="_self"
                                fieldLabel="Open in"
                                key="target"
                                name="./targetLink4"
                                type="select"
                                xtype="selection">
                                <options jcr:primaryType="cq:WidgetCollection">
                                    <self
                                        jcr:primaryType="nt:unstructured"
                                        text="Same Page"
                                        value="_self"/>
                                    <blank
                                        jcr:primaryType="nt:unstructured"
                                        text="New Page"
                                        value="_blank"/>
                                </options>
                            </link-target>
                        </items>
                    </link-cont>
                </items>
            </column4>
            <column5
                jcr:primaryType="cq:Panel"
                itemId="colu55"
                title="Column 5"
                width="290">
                <items jcr:primaryType="cq:WidgetCollection">
                    <rows
                        jcr:primaryType="cq:Widget"
                        fieldLabel="Items"
                        name="./columnItems5"
                        width="290"
                        xtype="multifield">
                        <fieldConfig
                            jcr:primaryType="cq:Widget"
                            anchor="90%"
                            boxMinWidth="{Long}225"
                            xtype="textfield"/>
                    </rows>
                    <button-cont
                        jcr:primaryType="cq:Widget"
                        collapsed="{Boolean}false"
                        collapsible="{Boolean}true"
                        title="Button"
                        xtype="dialogfieldset">
                        <items jcr:primaryType="cq:WidgetCollection">
                            <button
                                jcr:primaryType="cq:Widget"
                                fieldLabel="Button Title"
                                name="./button5"
                                width="290"
                                xtype="textfield"/>
                            <buttonLink
                                jcr:primaryType="cq:Widget"
                                anchor="95%"
                                fieldLabel="Link Button"
                                linkPattern="\{0}.html"
                                name="./buttonLink5"
                                rootPath="/content/metlife"
                                rootTitle="MetLife"
                                xtype="pathfield"/>
                            <button-target
                                jcr:primaryType="cq:Widget"
                                anchor="95%"
                                defaultValue="_self"
                                fieldLabel="Open in"
                                key="target"
                                name="./targetButton5"
                                type="select"
                                xtype="selection">
                                <options jcr:primaryType="cq:WidgetCollection">
                                    <self
                                        jcr:primaryType="nt:unstructured"
                                        text="Same Page"
                                        value="_self"/>
                                    <blank
                                        jcr:primaryType="nt:unstructured"
                                        text="New Page"
                                        value="_blank"/>
                                </options>
                            </button-target>
                        </items>
                    </button-cont>
                    <link-cont
                        jcr:primaryType="cq:Widget"
                        collapsed="{Boolean}false"
                        collapsible="{Boolean}true"
                        title="Link"
                        xtype="dialogfieldset">
                        <items jcr:primaryType="cq:WidgetCollection">
                            <enabledLinks
                                jcr:primaryType="cq:Widget"
                                fieldDescription="If checkbox is selected the path field will point to a page, if the checkbox is not selected the path field will point to a file in the dam."
                                fieldLabel="Path behavior"
                                name="./enableLinks5"
                                type="checkbox"
                                xtype="selection">
                                <listeners
                                    jcr:primaryType="nt:unstructured"
                                    loadcontent="function(field,record,path){MetlifeMicrosites.Components.hidePathfield.loadContent(field,record,path,&quot;column5Button&quot;);}"
                                    selectionchanged="function(selection, value, isChanged) {MetlifeMicrosites.Components.hidePathfield.selectionChanged(selection, value, isChanged,&quot;column5Button&quot;);}"/>
                            </enabledLinks>
                            <link
                                jcr:primaryType="cq:Widget"
                                fieldLabel="Title"
                                name="./link5"
                                width="290"
                                xtype="textfield"/>
                            <pdf-link
                                jcr:primaryType="cq:Widget"
                                fieldLabel="Path"
                                itemId="column5Buttonpdf"
                                name="./pdflink5/fileReference"
                                rootPath="/content/dam/metlifecom"
                                rootTitle="MetLife"
                                xtype="pathfield"/>
                            <link-path
                                jcr:primaryType="cq:Widget"
                                anchor="95%"
                                fieldLabel="Path"
                                itemId="column5Buttonlink"
                                linkPattern="\{0}.html"
                                name="./optionLink5"
                                rootPath="/content/metlife"
                                rootTitle="MetLife"
                                xtype="pathfield"/>
                            <pdfNode
                                jcr:primaryType="nt:unstructured"
                                ignoreData="true"
                                name="./pdflink5/sling:resourceType"
                                value="xumakbase/components/section/base"
                                xtype="hidden"/>
                            <link-target
                                jcr:primaryType="cq:Widget"
                                anchor="95%"
                                defaultValue="_self"
                                fieldLabel="Open in"
                                key="target"
                                name="./targetLink5"
                                type="select"
                                xtype="selection">
                                <options jcr:primaryType="cq:WidgetCollection">
                                    <self
                                        jcr:primaryType="nt:unstructured"
                                        text="Same Page"
                                        value="_self"/>
                                    <blank
                                        jcr:primaryType="nt:unstructured"
                                        text="New Page"
                                        value="_blank"/>
                                </options>
                            </link-target>
                        </items>
                    </link-cont>
                </items>
            </column5>
            <column6
                jcr:primaryType="cq:Panel"
                itemId="colu65"
                title="Column 6"
                width="290">
                <items jcr:primaryType="cq:WidgetCollection">
                    <rows
                        jcr:primaryType="cq:Widget"
                        fieldLabel="Items"
                        name="./columnItems6"
                        width="290"
                        xtype="multifield">
                        <fieldConfig
                            jcr:primaryType="cq:Widget"
                            anchor="90%"
                            boxMinWidth="{Long}225"
                            xtype="textfield"/>
                    </rows>
                    <button-cont
                        jcr:primaryType="cq:Widget"
                        collapsed="{Boolean}false"
                        collapsible="{Boolean}true"
                        title="Button"
                        xtype="dialogfieldset">
                        <items jcr:primaryType="cq:WidgetCollection">
                            <button
                                jcr:primaryType="cq:Widget"
                                fieldLabel="Button Title"
                                name="./button6"
                                width="290"
                                xtype="textfield"/>
                            <buttonLink
                                jcr:primaryType="cq:Widget"
                                anchor="95%"
                                fieldLabel="Link Button"
                                linkPattern="\{0}.html"
                                name="./buttonLink6"
                                rootPath="/content/metlife"
                                rootTitle="MetLife"
                                xtype="pathfield"/>
                            <button-target
                                jcr:primaryType="cq:Widget"
                                anchor="95%"
                                defaultValue="_self"
                                fieldLabel="Open in"
                                key="target"
                                name="./targetButton6"
                                type="select"
                                xtype="selection">
                                <options jcr:primaryType="cq:WidgetCollection">
                                    <self
                                        jcr:primaryType="nt:unstructured"
                                        text="Same Page"
                                        value="_self"/>
                                    <blank
                                        jcr:primaryType="nt:unstructured"
                                        text="New Page"
                                        value="_blank"/>
                                </options>
                            </button-target>
                        </items>
                    </button-cont>
                    <link-cont
                        jcr:primaryType="cq:Widget"
                        collapsed="{Boolean}false"
                        collapsible="{Boolean}true"
                        title="Link"
                        xtype="dialogfieldset">
                        <items jcr:primaryType="cq:WidgetCollection">
                            <enabledLinks
                                jcr:primaryType="cq:Widget"
                                fieldDescription="If checkbox is selected the path field will point to a page, if the checkbox is not selected the path field will point to a file in the dam."
                                fieldLabel="Path behavior"
                                name="./enableLinks6"
                                type="checkbox"
                                xtype="selection">
                                <listeners
                                    jcr:primaryType="nt:unstructured"
                                    loadcontent="function(field,record,path){MetlifeMicrosites.Components.hidePathfield.loadContent(field,record,path,&quot;column6Button&quot;);}"
                                    selectionchanged="function(selection, value, isChanged) {MetlifeMicrosites.Components.hidePathfield.selectionChanged(selection, value, isChanged,&quot;column6Button&quot;);}"/>
                            </enabledLinks>
                            <link
                                jcr:primaryType="cq:Widget"
                                fieldLabel="Title"
                                name="./link6"
                                width="290"
                                xtype="textfield"/>
                            <pdf-link
                                jcr:primaryType="cq:Widget"
                                fieldLabel="Path"
                                itemId="column6Buttonpdf"
                                name="./pdflink6/fileReference"
                                rootPath="/content/dam/metlifecom"
                                rootTitle="MetLife"
                                xtype="pathfield"/>
                            <link-path
                                jcr:primaryType="cq:Widget"
                                anchor="95%"
                                fieldLabel="Path"
                                itemId="column6Buttonlink"
                                linkPattern="\{0}.html"
                                name="./optionLink6"
                                rootPath="/content/metlife"
                                rootTitle="MetLife"
                                xtype="pathfield"/>
                            <pdfNode
                                jcr:primaryType="nt:unstructured"
                                ignoreData="true"
                                name="./pdflink6/sling:resourceType"
                                value="xumakbase/components/section/base"
                                xtype="hidden"/>
                            <link-target
                                jcr:primaryType="cq:Widget"
                                anchor="95%"
                                defaultValue="_self"
                                fieldLabel="Open in"
                                key="target"
                                name="./targetLink6"
                                type="select"
                                xtype="selection">
                                <options jcr:primaryType="cq:WidgetCollection">
                                    <self
                                        jcr:primaryType="nt:unstructured"
                                        text="Same Page"
                                        value="_self"/>
                                    <blank
                                        jcr:primaryType="nt:unstructured"
                                        text="New Page"
                                        value="_blank"/>
                                </options>
                            </link-target>
                        </items>
                    </link-cont>
                </items>
            </column6>
            <column7
                jcr:primaryType="cq:Panel"
                itemId="colu75"
                title="Column 7"
                width="290">
                <items jcr:primaryType="cq:WidgetCollection">
                    <rows
                        jcr:primaryType="cq:Widget"
                        fieldLabel="Items"
                        name="./columnItems7"
                        width="290"
                        xtype="multifield">
                        <fieldConfig
                            jcr:primaryType="cq:Widget"
                            anchor="90%"
                            boxMinWidth="{Long}225"
                            xtype="textfield"/>
                    </rows>
                    <button-cont
                        jcr:primaryType="cq:Widget"
                        collapsed="{Boolean}false"
                        collapsible="{Boolean}true"
                        title="Button"
                        xtype="dialogfieldset">
                        <items jcr:primaryType="cq:WidgetCollection">
                            <button
                                jcr:primaryType="cq:Widget"
                                fieldLabel="Button Title"
                                name="./button7"
                                width="290"
                                xtype="textfield"/>
                            <buttonLink
                                jcr:primaryType="cq:Widget"
                                anchor="95%"
                                fieldLabel="Link Button"
                                linkPattern="\{0}.html"
                                name="./buttonLink7"
                                rootPath="/content/metlife"
                                rootTitle="MetLife"
                                xtype="pathfield"/>
                            <button-target
                                jcr:primaryType="cq:Widget"
                                anchor="95%"
                                defaultValue="_self"
                                fieldLabel="Open in"
                                key="target"
                                name="./targetButton7"
                                type="select"
                                xtype="selection">
                                <options jcr:primaryType="cq:WidgetCollection">
                                    <self
                                        jcr:primaryType="nt:unstructured"
                                        text="Same Page"
                                        value="_self"/>
                                    <blank
                                        jcr:primaryType="nt:unstructured"
                                        text="New Page"
                                        value="_blank"/>
                                </options>
                            </button-target>
                        </items>
                    </button-cont>
                    <link-cont
                        jcr:primaryType="cq:Widget"
                        collapsed="{Boolean}false"
                        collapsible="{Boolean}true"
                        title="Link"
                        xtype="dialogfieldset">
                        <items jcr:primaryType="cq:WidgetCollection">
                            <enabledLinks
                                jcr:primaryType="cq:Widget"
                                fieldDescription="If checkbox is selected the path field will point to a page, if the checkbox is not selected the path field will point to a file in the dam."
                                fieldLabel="Path behavior"
                                name="./enableLinks7"
                                type="checkbox"
                                xtype="selection">
                                <listeners
                                    jcr:primaryType="nt:unstructured"
                                    loadcontent="function(field,record,path){MetlifeMicrosites.Components.hidePathfield.loadContent(field,record,path,&quot;column7Button&quot;);}"
                                    selectionchanged="function(selection, value, isChanged) {MetlifeMicrosites.Components.hidePathfield.selectionChanged(selection, value, isChanged,&quot;column7Button&quot;);}"/>
                            </enabledLinks>
                            <link
                                jcr:primaryType="cq:Widget"
                                fieldLabel="Title"
                                name="./link7"
                                width="290"
                                xtype="textfield"/>
                            <pdf-link
                                jcr:primaryType="cq:Widget"
                                fieldLabel="Path"
                                itemId="column7Buttonpdf"
                                name="./pdflink7/fileReference"
                                rootPath="/content/dam/metlifecom"
                                rootTitle="MetLife"
                                xtype="pathfield"/>
                            <link-path
                                jcr:primaryType="cq:Widget"
                                anchor="95%"
                                fieldLabel="Path"
                                itemId="column7Buttonlink"
                                linkPattern="\{0}.html"
                                name="./optionLink7"
                                rootPath="/content/metlife"
                                rootTitle="MetLife"
                                xtype="pathfield"/>
                            <pdfNode
                                jcr:primaryType="nt:unstructured"
                                ignoreData="true"
                                name="./pdflink7/sling:resourceType"
                                value="xumakbase/components/section/base"
                                xtype="hidden"/>
                            <link-target
                                jcr:primaryType="cq:Widget"
                                anchor="95%"
                                defaultValue="_self"
                                fieldLabel="Open in"
                                key="target"
                                name="./targetLink7"
                                type="select"
                                xtype="selection">
                                <options jcr:primaryType="cq:WidgetCollection">
                                    <self
                                        jcr:primaryType="nt:unstructured"
                                        text="Same Page"
                                        value="_self"/>
                                    <blank
                                        jcr:primaryType="nt:unstructured"
                                        text="New Page"
                                        value="_blank"/>
                                </options>
                            </link-target>
                        </items>
                    </link-cont>
                </items>
            </column7>
            <column8
                jcr:primaryType="cq:Panel"
                itemId="colu85"
                title="Column 8"
                width="290">
                <items jcr:primaryType="cq:WidgetCollection">
                    <rows
                        jcr:primaryType="cq:Widget"
                        fieldLabel="Items"
                        name="./columnItems8"
                        width="290"
                        xtype="multifield">
                        <fieldConfig
                            jcr:primaryType="cq:Widget"
                            anchor="90%"
                            boxMinWidth="{Long}225"
                            xtype="textfield"/>
                    </rows>
                    <button-cont
                        jcr:primaryType="cq:Widget"
                        collapsed="{Boolean}false"
                        collapsible="{Boolean}true"
                        title="Button"
                        xtype="dialogfieldset">
                        <items jcr:primaryType="cq:WidgetCollection">
                            <button
                                jcr:primaryType="cq:Widget"
                                fieldLabel="Button Title"
                                name="./button8"
                                width="290"
                                xtype="textfield"/>
                            <buttonLink
                                jcr:primaryType="cq:Widget"
                                anchor="95%"
                                fieldLabel="Link Button"
                                linkPattern="\{0}.html"
                                name="./buttonLink8"
                                rootPath="/content/metlife"
                                rootTitle="MetLife"
                                xtype="pathfield"/>
                            <button-target
                                jcr:primaryType="cq:Widget"
                                anchor="95%"
                                defaultValue="_self"
                                fieldLabel="Open in"
                                key="target"
                                name="./targetButton8"
                                type="select"
                                xtype="selection">
                                <options jcr:primaryType="cq:WidgetCollection">
                                    <self
                                        jcr:primaryType="nt:unstructured"
                                        text="Same Page"
                                        value="_self"/>
                                    <blank
                                        jcr:primaryType="nt:unstructured"
                                        text="New Page"
                                        value="_blank"/>
                                </options>
                            </button-target>
                        </items>
                    </button-cont>
                    <link-cont
                        jcr:primaryType="cq:Widget"
                        collapsed="{Boolean}false"
                        collapsible="{Boolean}true"
                        title="Link"
                        xtype="dialogfieldset">
                        <items jcr:primaryType="cq:WidgetCollection">
                            <enabledLinks
                                jcr:primaryType="cq:Widget"
                                fieldDescription="If checkbox is selected the path field will point to a page, if the checkbox is not selected the path field will point to a file in the dam."
                                fieldLabel="Path behavior"
                                name="./enableLinks8"
                                type="checkbox"
                                xtype="selection">
                                <listeners
                                    jcr:primaryType="nt:unstructured"
                                    loadcontent="function(field,record,path){MetlifeMicrosites.Components.hidePathfield.loadContent(field,record,path,&quot;column8Button&quot;);}"
                                    selectionchanged="function(selection, value, isChanged) {MetlifeMicrosites.Components.hidePathfield.selectionChanged(selection, value, isChanged,&quot;column8Button&quot;);}"/>
                            </enabledLinks>
                            <link
                                jcr:primaryType="cq:Widget"
                                fieldLabel="Title"
                                name="./link8"
                                width="290"
                                xtype="textfield"/>
                            <pdf-link
                                jcr:primaryType="cq:Widget"
                                fieldLabel="Path"
                                itemId="column8Buttonpdf"
                                name="./pdflink8/fileReference"
                                rootPath="/content/dam/metlifecom"
                                rootTitle="MetLife"
                                xtype="pathfield"/>
                            <link-path
                                jcr:primaryType="cq:Widget"
                                anchor="95%"
                                fieldLabel="Path"
                                itemId="column8Buttonlink"
                                linkPattern="\{0}.html"
                                name="./optionLink8"
                                rootPath="/content/metlife"
                                rootTitle="MetLife"
                                xtype="pathfield"/>
                            <pdfNode
                                jcr:primaryType="nt:unstructured"
                                ignoreData="true"
                                name="./pdflink8/sling:resourceType"
                                value="xumakbase/components/section/base"
                                xtype="hidden"/>
                            <link-target
                                jcr:primaryType="cq:Widget"
                                anchor="95%"
                                defaultValue="_self"
                                fieldLabel="Open in"
                                key="target"
                                name="./targetLink8"
                                type="select"
                                xtype="selection">
                                <options jcr:primaryType="cq:WidgetCollection">
                                    <self
                                        jcr:primaryType="nt:unstructured"
                                        text="Same Page"
                                        value="_self"/>
                                    <blank
                                        jcr:primaryType="nt:unstructured"
                                        text="New Page"
                                        value="_blank"/>
                                </options>
                            </link-target>
                        </items>
                    </link-cont>
                </items>
            </column8>
            <column9
                jcr:primaryType="cq:Panel"
                itemId="colu95"
                title="Column 9"
                width="290">
                <items jcr:primaryType="cq:WidgetCollection">
                    <rows
                        jcr:primaryType="cq:Widget"
                        fieldLabel="Items"
                        name="./columnItems9"
                        width="290"
                        xtype="multifield">
                        <fieldConfig
                            jcr:primaryType="cq:Widget"
                            anchor="90%"
                            boxMinWidth="{Long}225"
                            xtype="textfield"/>
                    </rows>
                    <button-cont
                        jcr:primaryType="cq:Widget"
                        collapsed="{Boolean}false"
                        collapsible="{Boolean}true"
                        title="Button"
                        xtype="dialogfieldset">
                        <items jcr:primaryType="cq:WidgetCollection">
                            <button
                                jcr:primaryType="cq:Widget"
                                fieldLabel="Button Title"
                                name="./button9"
                                width="290"
                                xtype="textfield"/>
                            <buttonLink
                                jcr:primaryType="cq:Widget"
                                anchor="95%"
                                fieldLabel="Link Button"
                                linkPattern="\{0}.html"
                                name="./buttonLink9"
                                rootPath="/content/metlife"
                                rootTitle="MetLife"
                                xtype="pathfield"/>
                            <button-target
                                jcr:primaryType="cq:Widget"
                                anchor="95%"
                                defaultValue="_self"
                                fieldLabel="Open in"
                                key="target"
                                name="./targetButton9"
                                type="select"
                                xtype="selection">
                                <options jcr:primaryType="cq:WidgetCollection">
                                    <self
                                        jcr:primaryType="nt:unstructured"
                                        text="Same Page"
                                        value="_self"/>
                                    <blank
                                        jcr:primaryType="nt:unstructured"
                                        text="New Page"
                                        value="_blank"/>
                                </options>
                            </button-target>
                        </items>
                    </button-cont>
                    <link-cont
                        jcr:primaryType="cq:Widget"
                        collapsed="{Boolean}false"
                        collapsible="{Boolean}true"
                        title="Link"
                        xtype="dialogfieldset">
                        <items jcr:primaryType="cq:WidgetCollection">
                            <enabledLinks
                                jcr:primaryType="cq:Widget"
                                fieldDescription="If checkbox is selected the path field will point to a page, if the checkbox is not selected the path field will point to a file in the dam."
                                fieldLabel="Path behavior"
                                name="./enableLinks9"
                                type="checkbox"
                                xtype="selection">
                                <listeners
                                    jcr:primaryType="nt:unstructured"
                                    loadcontent="function(field,record,path){MetlifeMicrosites.Components.hidePathfield.loadContent(field,record,path,&quot;column9Button&quot;);}"
                                    selectionchanged="function(selection, value, isChanged) {MetlifeMicrosites.Components.hidePathfield.selectionChanged(selection, value, isChanged,&quot;column9Button&quot;);}"/>
                            </enabledLinks>
                            <link
                                jcr:primaryType="cq:Widget"
                                fieldLabel="Title"
                                name="./link9"
                                width="290"
                                xtype="textfield"/>
                            <pdf-link
                                jcr:primaryType="cq:Widget"
                                fieldLabel="Path"
                                itemId="column9Buttonpdf"
                                name="./pdflink9/fileReference"
                                rootPath="/content/dam/metlifecom"
                                rootTitle="MetLife"
                                xtype="pathfield"/>
                            <link-path
                                jcr:primaryType="cq:Widget"
                                anchor="95%"
                                fieldLabel="Path"
                                itemId="column9Buttonlink"
                                linkPattern="\{0}.html"
                                name="./optionLink9"
                                rootPath="/content/metlife"
                                rootTitle="MetLife"
                                xtype="pathfield"/>
                            <pdfNode
                                jcr:primaryType="nt:unstructured"
                                ignoreData="true"
                                name="./pdflink9/sling:resourceType"
                                value="xumakbase/components/section/base"
                                xtype="hidden"/>
                            <link-target
                                jcr:primaryType="cq:Widget"
                                anchor="95%"
                                defaultValue="_self"
                                fieldLabel="Open in"
                                key="target"
                                name="./targetLink9"
                                type="select"
                                xtype="selection">
                                <options jcr:primaryType="cq:WidgetCollection">
                                    <self
                                        jcr:primaryType="nt:unstructured"
                                        text="Same Page"
                                        value="_self"/>
                                    <blank
                                        jcr:primaryType="nt:unstructured"
                                        text="New Page"
                                        value="_blank"/>
                                </options>
                            </link-target>
                        </items>
                    </link-cont>
                </items>
            </column9>
            <column10
                jcr:primaryType="cq:Panel"
                itemId="colu105"
                title="Column 10"
                width="290">
                <items jcr:primaryType="cq:WidgetCollection">
                    <rows
                        jcr:primaryType="cq:Widget"
                        fieldLabel="Items"
                        name="./columnItems10"
                        width="290"
                        xtype="multifield">
                        <fieldConfig
                            jcr:primaryType="cq:Widget"
                            anchor="90%"
                            boxMinWidth="{Long}225"
                            xtype="textfield"/>
                    </rows>
                    <button-cont
                        jcr:primaryType="cq:Widget"
                        collapsed="{Boolean}false"
                        collapsible="{Boolean}true"
                        title="Button"
                        xtype="dialogfieldset">
                        <items jcr:primaryType="cq:WidgetCollection">
                            <button
                                jcr:primaryType="cq:Widget"
                                fieldLabel="Button Title"
                                name="./button10"
                                width="290"
                                xtype="textfield"/>
                            <buttonLink
                                jcr:primaryType="cq:Widget"
                                anchor="95%"
                                fieldLabel="Link Button"
                                linkPattern="\{0}.html"
                                name="./buttonLink10"
                                rootPath="/content/metlife"
                                rootTitle="MetLife"
                                xtype="pathfield"/>
                            <button-target
                                jcr:primaryType="cq:Widget"
                                anchor="95%"
                                defaultValue="_self"
                                fieldLabel="Open in"
                                key="target"
                                name="./targetButton10"
                                type="select"
                                xtype="selection">
                                <options jcr:primaryType="cq:WidgetCollection">
                                    <self
                                        jcr:primaryType="nt:unstructured"
                                        text="Same Page"
                                        value="_self"/>
                                    <blank
                                        jcr:primaryType="nt:unstructured"
                                        text="New Page"
                                        value="_blank"/>
                                </options>
                            </button-target>
                        </items>
                    </button-cont>
                    <link-cont
                        jcr:primaryType="cq:Widget"
                        collapsed="{Boolean}false"
                        collapsible="{Boolean}true"
                        title="Link"
                        xtype="dialogfieldset">
                        <items jcr:primaryType="cq:WidgetCollection">
                            <enabledLinks
                                jcr:primaryType="cq:Widget"
                                fieldDescription="If checkbox is selected the path field will point to a page, if the checkbox is not selected the path field will point to a file in the dam."
                                fieldLabel="Path behavior"
                                name="./enableLinks10"
                                type="checkbox"
                                xtype="selection">
                                <listeners
                                    jcr:primaryType="nt:unstructured"
                                    loadcontent="function(field,record,path){MetlifeMicrosites.Components.hidePathfield.loadContent(field,record,path,&quot;column10Button&quot;);}"
                                    selectionchanged="function(selection, value, isChanged) {MetlifeMicrosites.Components.hidePathfield.selectionChanged(selection, value, isChanged,&quot;column10Button&quot;);}"/>
                            </enabledLinks>
                            <link
                                jcr:primaryType="cq:Widget"
                                fieldLabel="Title"
                                name="./link10"
                                width="290"
                                xtype="textfield"/>
                            <pdf-link
                                jcr:primaryType="cq:Widget"
                                fieldLabel="Path"
                                itemId="column10Buttonpdf"
                                name="./pdflink10/fileReference"
                                rootPath="/content/dam/metlifecom"
                                rootTitle="MetLife"
                                xtype="pathfield"/>
                            <link-path
                                jcr:primaryType="cq:Widget"
                                anchor="95%"
                                fieldLabel="Path"
                                itemId="column10Buttonlink"
                                linkPattern="\{0}.html"
                                name="./optionLink10"
                                rootPath="/content/metlife"
                                rootTitle="MetLife"
                                xtype="pathfield"/>
                            <pdfNode
                                jcr:primaryType="nt:unstructured"
                                ignoreData="true"
                                name="./pdflink10/sling:resourceType"
                                value="xumakbase/components/section/base"
                                xtype="hidden"/>
                            <link-target
                                jcr:primaryType="cq:Widget"
                                anchor="95%"
                                defaultValue="_self"
                                fieldLabel="Open in"
                                key="target"
                                name="./targetLink10"
                                type="select"
                                xtype="selection">
                                <options jcr:primaryType="cq:WidgetCollection">
                                    <self
                                        jcr:primaryType="nt:unstructured"
                                        text="Same Page"
                                        value="_self"/>
                                    <blank
                                        jcr:primaryType="nt:unstructured"
                                        text="New Page"
                                        value="_blank"/>
                                </options>
                            </link-target>
                        </items>
                    </link-cont>
                </items>
            </column10>
            <column11
                jcr:primaryType="cq:Panel"
                itemId="colu115"
                title="Column 11"
                width="290">
                <items jcr:primaryType="cq:WidgetCollection">
                    <rows
                        jcr:primaryType="cq:Widget"
                        fieldLabel="Items"
                        name="./columnItems11"
                        width="290"
                        xtype="multifield">
                        <fieldConfig
                            jcr:primaryType="cq:Widget"
                            anchor="90%"
                            boxMinWidth="{Long}225"
                            xtype="textfield"/>
                    </rows>
                    <button-cont
                        jcr:primaryType="cq:Widget"
                        collapsed="{Boolean}false"
                        collapsible="{Boolean}true"
                        title="Button"
                        xtype="dialogfieldset">
                        <items jcr:primaryType="cq:WidgetCollection">
                            <button
                                jcr:primaryType="cq:Widget"
                                fieldLabel="Button Title"
                                name="./button11"
                                width="290"
                                xtype="textfield"/>
                            <buttonLink
                                jcr:primaryType="cq:Widget"
                                anchor="95%"
                                fieldLabel="Link Button"
                                linkPattern="\{0}.html"
                                name="./buttonLink11"
                                rootPath="/content/metlife"
                                rootTitle="MetLife"
                                xtype="pathfield"/>
                            <button-target
                                jcr:primaryType="cq:Widget"
                                anchor="95%"
                                defaultValue="_self"
                                fieldLabel="Open in"
                                key="target"
                                name="./targetButton11"
                                type="select"
                                xtype="selection">
                                <options jcr:primaryType="cq:WidgetCollection">
                                    <self
                                        jcr:primaryType="nt:unstructured"
                                        text="Same Page"
                                        value="_self"/>
                                    <blank
                                        jcr:primaryType="nt:unstructured"
                                        text="New Page"
                                        value="_blank"/>
                                </options>
                            </button-target>
                        </items>
                    </button-cont>
                    <link-cont
                        jcr:primaryType="cq:Widget"
                        collapsed="{Boolean}false"
                        collapsible="{Boolean}true"
                        title="Link"
                        xtype="dialogfieldset">
                        <items jcr:primaryType="cq:WidgetCollection">
                            <enabledLinks
                                jcr:primaryType="cq:Widget"
                                fieldDescription="If checkbox is selected the path field will point to a page, if the checkbox is not selected the path field will point to a file in the dam."
                                fieldLabel="Path behavior"
                                name="./enableLinks11"
                                type="checkbox"
                                xtype="selection">
                                <listeners
                                    jcr:primaryType="nt:unstructured"
                                    loadcontent="function(field,record,path){MetlifeMicrosites.Components.hidePathfield.loadContent(field,record,path,&quot;column11Button&quot;);}"
                                    selectionchanged="function(selection, value, isChanged) {MetlifeMicrosites.Components.hidePathfield.selectionChanged(selection, value, isChanged,&quot;column11Button&quot;);}"/>
                            </enabledLinks>
                            <link
                                jcr:primaryType="cq:Widget"
                                fieldLabel="Title"
                                name="./link11"
                                width="290"
                                xtype="textfield"/>
                            <pdf-link
                                jcr:primaryType="cq:Widget"
                                fieldLabel="Path"
                                itemId="column11Buttonpdf"
                                name="./pdflink11/fileReference"
                                rootPath="/content/dam/metlifecom"
                                rootTitle="MetLife"
                                xtype="pathfield"/>
                            <link-path
                                jcr:primaryType="cq:Widget"
                                anchor="95%"
                                fieldLabel="Path"
                                itemId="column11Buttonlink"
                                linkPattern="\{0}.html"
                                name="./optionLink11"
                                rootPath="/content/metlife"
                                rootTitle="MetLife"
                                xtype="pathfield"/>
                            <pdfNode
                                jcr:primaryType="nt:unstructured"
                                ignoreData="true"
                                name="./pdflink11/sling:resourceType"
                                value="xumakbase/components/section/base"
                                xtype="hidden"/>
                            <link-target
                                jcr:primaryType="cq:Widget"
                                anchor="95%"
                                defaultValue="_self"
                                fieldLabel="Open in"
                                key="target"
                                name="./targetLink11"
                                type="select"
                                xtype="selection">
                                <options jcr:primaryType="cq:WidgetCollection">
                                    <self
                                        jcr:primaryType="nt:unstructured"
                                        text="Same Page"
                                        value="_self"/>
                                    <blank
                                        jcr:primaryType="nt:unstructured"
                                        text="New Page"
                                        value="_blank"/>
                                </options>
                            </link-target>
                        </items>
                    </link-cont>
                </items>
            </column11>
            <column12
                jcr:primaryType="cq:Panel"
                itemId="colu125"
                title="Column 12"
                width="290">
                <items jcr:primaryType="cq:WidgetCollection">
                    <rows
                        jcr:primaryType="cq:Widget"
                        fieldLabel="Items"
                        name="./columnItems12"
                        width="290"
                        xtype="multifield">
                        <fieldConfig
                            jcr:primaryType="cq:Widget"
                            anchor="90%"
                            boxMinWidth="{Long}225"
                            xtype="textfield"/>
                    </rows>
                    <button-cont
                        jcr:primaryType="cq:Widget"
                        collapsed="{Boolean}false"
                        collapsible="{Boolean}true"
                        title="Button"
                        xtype="dialogfieldset">
                        <items jcr:primaryType="cq:WidgetCollection">
                            <button
                                jcr:primaryType="cq:Widget"
                                fieldLabel="Button Title"
                                name="./button12"
                                width="290"
                                xtype="textfield"/>
                            <buttonLink
                                jcr:primaryType="cq:Widget"
                                anchor="95%"
                                fieldLabel="Link Button"
                                linkPattern="\{0}.html"
                                name="./buttonLink12"
                                rootPath="/content/metlife"
                                rootTitle="MetLife"
                                xtype="pathfield"/>
                            <button-target
                                jcr:primaryType="cq:Widget"
                                anchor="95%"
                                defaultValue="_self"
                                fieldLabel="Open in"
                                key="target"
                                name="./targetButton12"
                                type="select"
                                xtype="selection">
                                <options jcr:primaryType="cq:WidgetCollection">
                                    <self
                                        jcr:primaryType="nt:unstructured"
                                        text="Same Page"
                                        value="_self"/>
                                    <blank
                                        jcr:primaryType="nt:unstructured"
                                        text="New Page"
                                        value="_blank"/>
                                </options>
                            </button-target>
                        </items>
                    </button-cont>
                    <link-cont
                        jcr:primaryType="cq:Widget"
                        collapsed="{Boolean}false"
                        collapsible="{Boolean}true"
                        title="Link"
                        xtype="dialogfieldset">
                        <items jcr:primaryType="cq:WidgetCollection">
                            <enabledLinks
                                jcr:primaryType="cq:Widget"
                                fieldDescription="If checkbox is selected the path field will point to a page, if the checkbox is not selected the path field will point to a file in the dam."
                                fieldLabel="Path behavior"
                                name="./enableLinks12"
                                type="checkbox"
                                xtype="selection">
                                <listeners
                                    jcr:primaryType="nt:unstructured"
                                    loadcontent="function(field,record,path){MetlifeMicrosites.Components.hidePathfield.loadContent(field,record,path,&quot;column12Button&quot;);}"
                                    selectionchanged="function(selection, value, isChanged) {MetlifeMicrosites.Components.hidePathfield.selectionChanged(selection, value, isChanged,&quot;column12Button&quot;);}"/>
                            </enabledLinks>
                            <link
                                jcr:primaryType="cq:Widget"
                                fieldLabel="Title"
                                name="./link12"
                                width="290"
                                xtype="textfield"/>
                            <pdf-link
                                jcr:primaryType="cq:Widget"
                                fieldLabel="Path"
                                itemId="column12Buttonpdf"
                                name="./pdflink12/fileReference"
                                rootPath="/content/dam/metlifecom"
                                rootTitle="MetLife"
                                xtype="pathfield"/>
                            <link-path
                                jcr:primaryType="cq:Widget"
                                anchor="95%"
                                fieldLabel="Path"
                                itemId="column12Buttonlink"
                                linkPattern="\{0}.html"
                                name="./optionLink12"
                                rootPath="/content/metlife"
                                rootTitle="MetLife"
                                xtype="pathfield"/>
                            <pdfNode
                                jcr:primaryType="nt:unstructured"
                                ignoreData="true"
                                name="./pdflink12/sling:resourceType"
                                value="xumakbase/components/section/base"
                                xtype="hidden"/>
                            <link-target
                                jcr:primaryType="cq:Widget"
                                anchor="95%"
                                defaultValue="_self"
                                fieldLabel="Open in"
                                key="target"
                                name="./targetLink12"
                                type="select"
                                xtype="selection">
                                <options jcr:primaryType="cq:WidgetCollection">
                                    <self
                                        jcr:primaryType="nt:unstructured"
                                        text="Same Page"
                                        value="_self"/>
                                    <blank
                                        jcr:primaryType="nt:unstructured"
                                        text="New Page"
                                        value="_blank"/>
                                </options>
                            </link-target>
                        </items>
                    </link-cont>
                </items>
            </column12>
        </items>
    </items>
</jcr:root>
