<?xml version="1.0" encoding="UTF-8"?>
<jcr:root xmlns:cq="http://www.day.com/jcr/cq/1.0" xmlns:jcr="http://www.jcp.org/jcr/1.0" xmlns:nt="http://www.jcp.org/jcr/nt/1.0"
    jcr:primaryType="cq:Dialog"
    height="600"
    title="Login Configuration"
    width="950"
    xtype="dialog">
    <items
        jcr:primaryType="cq:Widget"
        xtype="tabpanel">
        <items jcr:primaryType="cq:WidgetCollection">
            <loginconfig
                jcr:primaryType="cq:Panel"
                title="Tooltip for accounts">
                <items jcr:primaryType="cq:WidgetCollection">
                    <loginTitle
                        jcr:primaryType="cq:Widget"
                        defaultValue="Select account type to log in:"
                        fieldLabel="Login title"
                        name="./loginTitle"
                        xtype="textfield"/>
                    <activateLoginType
                        jcr:primaryType="cq:Widget"
                        fieldLabel="Activate account type"
                        name="./activateLoginType"
                        type="checkbox"
                        xtype="selection">
                        <listeners
                            jcr:primaryType="nt:unstructured"
                            loadcontent="function(field,record,path){Metlife.Components.LoginAccount.loadContent(field,record,path);}"
                            selectionchanged="function(selection, value, isChecked) { Metlife.Components.LoginAccount.selectionChanged(selection, value, isChecked);}"/>
                    </activateLoginType>
                    <individuals
                        jcr:primaryType="cq:Widget"
                        collapsed="{Boolean}false"
                        collapsible="{Boolean}true"
                        itemId="individuals"
                        title="For individuals tooltip text"
                        xtype="dialogfieldset">
                        <items jcr:primaryType="cq:WidgetCollection">
                            <individualCopyFirst
                                jcr:primaryType="cq:Widget"
                                defaultValue="MetLife's Online Service - Life, Annuities, Disability, Long-Term Care, Critical Illness, Auto, Home, Total Control Account (eSERVICE)"
                                fieldLabel="First copy text"
                                name="./individualCopyFirst"
                                xtype="textarea"/>
                            <individualCopySecond
                                jcr:primaryType="cq:Widget"
                                defaultValue="Benefits Through Your Employer (MyBenefits)"
                                fieldLabel="Second copy text"
                                name="./individualCopySecond"
                                xtype="textarea"/>
                        </items>
                    </individuals>
                    <businesses
                        jcr:primaryType="cq:Widget"
                        collapsed="{Boolean}false"
                        collapsible="{Boolean}true"
                        itemId="businesses"
                        title="For businesses tooltip text"
                        xtype="dialogfieldset">
                        <items jcr:primaryType="cq:WidgetCollection">
                            <businessesCopyFirst
                                jcr:primaryType="cq:Widget"
                                defaultValue="MetLink - Access your company's benefits data"
                                fieldLabel="First copy text"
                                name="./businessesCopyFirst"
                                xtype="textarea"/>
                            <businessesCopySecond
                                jcr:primaryType="cq:Widget"
                                defaultValue="MyBenefits - Benefits Through Your Employer"
                                fieldLabel="Second copy text"
                                name="./businessesCopySecond"
                                xtype="textarea"/>
                            <businessesCopyThird
                                jcr:primaryType="cq:Widget"
                                defaultValue="SBR - Manage executive benefits"
                                fieldLabel="Third copy text"
                                name="./businessesCopyThird"
                                xtype="textarea"/>
                        </items>
                    </businesses>
                    <brokers
                        jcr:primaryType="cq:Widget"
                        collapsed="{Boolean}false"
                        collapsible="{Boolean}true"
                        itemId="brokers"
                        title="For brokers tooltip text"
                        xtype="dialogfieldset">
                        <items jcr:primaryType="cq:WidgetCollection">
                            <brokersCopyFirst
                                jcr:primaryType="cq:Widget"
                                defaultValue="MetLife's Online Service - Life, Annuities, Disability, Long-Term Care, Critical Illness, Auto, Home, Total Control Account (eSERVICE)"
                                fieldLabel="First copy text"
                                name="./brokersCopyFirst"
                                xtype="textarea"/>
                            <brokersCopySecond
                                jcr:primaryType="cq:Widget"
                                defaultValue="Benefits Through Your Employer (MyBenefits)"
                                fieldLabel="Second copy text"
                                name="./brokersCopySecond"
                                xtype="textarea"/>
                        </items>
                    </brokers>
                </items>
            </loginconfig>
            <credentialsoptions
                jcr:primaryType="cq:Panel"
                itemId="manualTab"
                title="Messages">
                <items jcr:primaryType="cq:WidgetCollection">
                    <loginIndividualsPopout
                        jcr:primaryType="cq:Widget"
                        collapsed="{Boolean}false"
                        collapsible="{Boolean}true"
                        title="Forget for individuals link"
                        xtype="dialogfieldset">
                        <items jcr:primaryType="cq:WidgetCollection">
                            <forgetForIndividualsText
                                jcr:primaryType="cq:Widget"
                                defaultValue="Forgot username or password?"
                                fieldLabel="Link text"
                                name="./forgetForIndividualsText"
                                xtype="textfield"/>
                            <linkForIndividuals
                                jcr:primaryType="nt:unstructured"
                                fieldLabel="Link"
                                linkPattern="\{0}.html"
                                name="./linkForIndividuals"
                                rootPath="/content/metlife"
                                xtype="pathfield"/>
                            <link-target
                                jcr:primaryType="cq:Widget"
                                allowBlank="false"
                                anchor="95%"
                                defaultValue="_self"
                                fieldLabel="Open in"
                                key="target1"
                                name="./target1"
                                type="select"
                                xtype="selection">
                                <options jcr:primaryType="cq:WidgetCollection">
                                    <self
                                        jcr:primaryType="nt:unstructured"
                                        text="Same Page"
                                        value="_self"/>
                                    <blank
                                        jcr:primaryType="nt:unstructured"
                                        text="New Page"
                                        value="_blank"/>
                                </options>
                            </link-target>
                        </items>
                    </loginIndividualsPopout>
                    <loginBusinessesPopout
                        jcr:primaryType="cq:Widget"
                        collapsed="{Boolean}false"
                        collapsible="{Boolean}true"
                        title="Forget for businesses link"
                        xtype="dialogfieldset">
                        <items jcr:primaryType="cq:WidgetCollection">
                            <forgetForBusinessesText
                                jcr:primaryType="cq:Widget"
                                defaultValue="Forgot username or password?"
                                fieldLabel="Link text"
                                name="./forgetForBusinessesText"
                                xtype="textfield"/>
                            <linkForBusinesses
                                jcr:primaryType="nt:unstructured"
                                fieldLabel="Link"
                                linkPattern="\{0}.html"
                                name="./linkForBusinesses"
                                rootPath="/content/metlife"
                                xtype="pathfield"/>
                            <link-target
                                jcr:primaryType="cq:Widget"
                                allowBlank="false"
                                anchor="95%"
                                defaultValue="_self"
                                fieldLabel="Open in"
                                key="target2"
                                name="./target2"
                                type="select"
                                xtype="selection">
                                <options jcr:primaryType="cq:WidgetCollection">
                                    <self
                                        jcr:primaryType="nt:unstructured"
                                        text="Same Page"
                                        value="_self"/>
                                    <blank
                                        jcr:primaryType="nt:unstructured"
                                        text="New Page"
                                        value="_blank"/>
                                </options>
                            </link-target>
                        </items>
                    </loginBusinessesPopout>
                    <loginBrokersPopout
                        jcr:primaryType="cq:Widget"
                        collapsed="{Boolean}false"
                        collapsible="{Boolean}true"
                        title="Forget for brokers link"
                        xtype="dialogfieldset">
                        <items jcr:primaryType="cq:WidgetCollection">
                            <forgetForBrokersText
                                jcr:primaryType="cq:Widget"
                                defaultValue="Forgot your password?"
                                fieldLabel="Link text"
                                name="./forgetForBrokersText"
                                xtype="textfield"/>
                            <linkForBrokers
                                jcr:primaryType="nt:unstructured"
                                fieldLabel="Link"
                                linkPattern="\{0}.html"
                                name="./linkForBrokers"
                                rootPath="/content/metlife"
                                xtype="pathfield"/>
                            <link-target
                                jcr:primaryType="cq:Widget"
                                allowBlank="false"
                                anchor="95%"
                                defaultValue="_self"
                                fieldLabel="Open in"
                                key="target3"
                                name="./target3"
                                type="select"
                                xtype="selection">
                                <options jcr:primaryType="cq:WidgetCollection">
                                    <self
                                        jcr:primaryType="nt:unstructured"
                                        text="Same Page"
                                        value="_self"/>
                                    <blank
                                        jcr:primaryType="nt:unstructured"
                                        text="New Page"
                                        value="_blank"/>
                                </options>
                            </link-target>
                        </items>
                    </loginBrokersPopout>
                    <loginPopoutMsgIndividuals
                        jcr:primaryType="cq:Widget"
                        collapsed="{Boolean}false"
                        collapsible="{Boolean}true"
                        title="Login pop out message for individuals"
                        xtype="dialogfieldset">
                        <items jcr:primaryType="cq:WidgetCollection">
                            <titleLinkForIndividuals
                                jcr:primaryType="cq:Widget"
                                defaultValue="Not registered?"
                                fieldLabel="Message"
                                name="./titleLinkForIndividuals"
                                xtype="textfield"/>
                            <textLinkForIndividuals
                                jcr:primaryType="cq:Widget"
                                defaultValue="Create a new account"
                                fieldLabel="Link text"
                                name="./textLinkForIndividuals"
                                xtype="textfield"/>
                            <individualsLink
                                jcr:primaryType="nt:unstructured"
                                fieldLabel="Link"
                                linkPattern="\{0}.html"
                                name="./individualsLink"
                                rootPath="/content/metlife"
                                xtype="pathfield"/>
                            <link-target
                                jcr:primaryType="cq:Widget"
                                allowBlank="false"
                                anchor="95%"
                                defaultValue="_self"
                                fieldLabel="Open in"
                                key="target4"
                                name="./target4"
                                type="select"
                                xtype="selection">
                                <options jcr:primaryType="cq:WidgetCollection">
                                    <self
                                        jcr:primaryType="nt:unstructured"
                                        text="Same Page"
                                        value="_self"/>
                                    <blank
                                        jcr:primaryType="nt:unstructured"
                                        text="New Page"
                                        value="_blank"/>
                                </options>
                            </link-target>
                        </items>
                    </loginPopoutMsgIndividuals>
                    <loginPopoutMsgBusinesses
                        jcr:primaryType="cq:Widget"
                        collapsed="{Boolean}false"
                        collapsible="{Boolean}true"
                        title="Login pop out message for businesses"
                        xtype="dialogfieldset">
                        <items jcr:primaryType="cq:WidgetCollection">
                            <titleLinkForBusinesses
                                jcr:primaryType="cq:Widget"
                                defaultValue="Need an account?"
                                fieldLabel="Message"
                                name="./titleLinkForBusinesses"
                                xtype="textfield"/>
                            <textLinkForBusinesses
                                jcr:primaryType="cq:Widget"
                                defaultValue="Register"
                                fieldLabel="Link text"
                                name="./textLinkForBusinesses"
                                xtype="textfield"/>
                            <businessesLink
                                jcr:primaryType="nt:unstructured"
                                fieldLabel="Link"
                                linkPattern="\{0}.html"
                                name="./businessesLink"
                                rootPath="/content/metlife"
                                xtype="pathfield"/>
                            <link-target
                                jcr:primaryType="cq:Widget"
                                allowBlank="false"
                                anchor="95%"
                                defaultValue="_self"
                                fieldLabel="Open in"
                                key="target5"
                                name="./target5"
                                type="select"
                                xtype="selection">
                                <options jcr:primaryType="cq:WidgetCollection">
                                    <self
                                        jcr:primaryType="nt:unstructured"
                                        text="Same Page"
                                        value="_self"/>
                                    <blank
                                        jcr:primaryType="nt:unstructured"
                                        text="New Page"
                                        value="_blank"/>
                                </options>
                            </link-target>
                        </items>
                    </loginPopoutMsgBusinesses>
                    <loginPopoutMsgBrokers
                        jcr:primaryType="cq:Widget"
                        collapsed="{Boolean}false"
                        collapsible="{Boolean}true"
                        title="Login pop out message for brokers"
                        xtype="dialogfieldset">
                        <items jcr:primaryType="cq:WidgetCollection">
                            <titleLinkForBrokers
                                jcr:primaryType="cq:Widget"
                                defaultValue="By signing in, I agree to the"
                                fieldLabel="Message"
                                name="./titleLinkForBrokers"
                                xtype="textfield"/>
                            <textLinkForBrokers
                                jcr:primaryType="cq:Widget"
                                defaultValue="Terms of Use"
                                fieldLabel="Link text"
                                name="./textLinkForBrokers"
                                xtype="textfield"/>
                            <brokersLink
                                jcr:primaryType="nt:unstructured"
                                fieldLabel="Link"
                                linkPattern="\{0}.html"
                                name="./brokersLink"
                                rootPath="/content/metlife"
                                xtype="pathfield"/>
                            <link-target
                                jcr:primaryType="cq:Widget"
                                allowBlank="false"
                                anchor="95%"
                                defaultValue="_self"
                                fieldLabel="Open in"
                                key="target6"
                                name="./target6"
                                type="select"
                                xtype="selection">
                                <options jcr:primaryType="cq:WidgetCollection">
                                    <self
                                        jcr:primaryType="nt:unstructured"
                                        text="Same Page"
                                        value="_self"/>
                                    <blank
                                        jcr:primaryType="nt:unstructured"
                                        text="New Page"
                                        value="_blank"/>
                                </options>
                            </link-target>
                        </items>
                    </loginPopoutMsgBrokers>
                    <withoutSigning
                        jcr:primaryType="cq:Widget"
                        collapsed="{Boolean}false"
                        collapsible="{Boolean}true"
                        title="Without login link"
                        xtype="dialogfieldset">
                        <items jcr:primaryType="cq:WidgetCollection">
                            <withoutSigningTextLink
                                jcr:primaryType="cq:Widget"
                                defaultValue="Go to MyBenefits without signing in"
                                fieldLabel="Link text"
                                name="./withoutSigningTextLink"
                                xtype="textfield"/>
                            <withoutSigningLink
                                jcr:primaryType="nt:unstructured"
                                fieldLabel="Link"
                                linkPattern="\{0}.html"
                                name="./withoutSigningLink"
                                rootPath="/content/metlife"
                                xtype="pathfield"/>
                            <link-target
                                jcr:primaryType="cq:Widget"
                                allowBlank="false"
                                anchor="95%"
                                defaultValue="_self"
                                fieldLabel="Open in"
                                key="target7"
                                name="./target7"
                                type="select"
                                xtype="selection">
                                <options jcr:primaryType="cq:WidgetCollection">
                                    <self
                                        jcr:primaryType="nt:unstructured"
                                        text="Same Page"
                                        value="_self"/>
                                    <blank
                                        jcr:primaryType="nt:unstructured"
                                        text="New Page"
                                        value="_blank"/>
                                </options>
                            </link-target>
                        </items>
                    </withoutSigning>
                </items>
            </credentialsoptions>
            <tab1
                jcr:primaryType="cq:Panel"
                title="Button &amp; alert config">
                <items jcr:primaryType="cq:WidgetCollection">
                    <button-text
                        jcr:primaryType="nt:unstructured"
                        allowBlank="false"
                        defaultValue="Login"
                        fieldLabel="Button Text"
                        maxLength="20"
                        name="./buttonText"
                        xtype="textfield"/>
                    <buttoncolor
                        jcr:primaryType="cq:Widget"
                        fieldLabel="Button Color"
                        name="./buttonColor"
                        type="select"
                        xtype="selection">
                        <options jcr:primaryType="cq:WidgetCollection">
                            <blue
                                jcr:primaryType="nt:unstructured"
                                text="Blue"
                                value="btn-brand-1st"/>
                            <green
                                jcr:primaryType="nt:unstructured"
                                text="Green"
                                value="btn-brand-2nd"/>
                            <darkerblue
                                jcr:primaryType="nt:unstructured"
                                text="Darker Blue"
                                value="btn-brand-3rd"/>
                            <lightblue
                                jcr:primaryType="nt:unstructured"
                                text="Light Blue"
                                value="btn-brand-4th"/>
                        </options>
                    </buttoncolor>
                    <username-text
                        jcr:primaryType="nt:unstructured"
                        allowBlank="false"
                        defaultValue="Login"
                        fieldLabel="Username Disclaimer"
                        maxLength="20"
                        name="./usernameDisclaimer"
                        xtype="textfield"/>
                    <password-text
                        jcr:primaryType="nt:unstructured"
                        allowBlank="false"
                        defaultValue="Login"
                        fieldLabel="Password Disclaimer"
                        maxLength="20"
                        name="./passwordDisclaimer"
                        xtype="textfield"/>
                    <alert
                        jcr:primaryType="cq:Widget"
                        collapsed="{Boolean}false"
                        collapsible="{Boolean}true"
                        title="Alert configuration"
                        xtype="dialogfieldset">
                        <items jcr:primaryType="cq:WidgetCollection">
                            <activeAlert
                                jcr:primaryType="cq:Widget"
                                fieldLabel="Activate alert"
                                name="./activeAlert"
                                type="checkbox"
                                xtype="selection"/>
                            <titleAlert
                                jcr:primaryType="cq:Widget"
                                defaultValue="Maintenance Alert"
                                fieldLabel="Title"
                                name="./titleAlert"
                                xtype="textfield"/>
                            <textMessageAlert
                                jcr:primaryType="cq:Widget"
                                fieldLabel="Alert message"
                                name="./textMessageAlert"
                                xtype="textarea"/>
                        </items>
                    </alert>
                </items>
            </tab1>
            <config
                jcr:primaryType="cq:Panel"
                title="Footer config">
                <items jcr:primaryType="cq:WidgetCollection">
                    <loginFooterTitle
                        jcr:primaryType="cq:Widget"
                        defaultValue="other account types"
                        fieldLabel="Title"
                        name="./loginFooterTitle"
                        xtype="textfield"/>
                    <loginFooterContactText
                        jcr:primaryType="nt:unstructured"
                        fieldLabel="Contact text"
                        name="./loginFooterContactText"
                        xtype="richtext"/>
                    <forMobile
                        jcr:primaryType="cq:Widget"
                        collapsed="{Boolean}false"
                        collapsible="{Boolean}true"
                        title="Login footer text for mobile"
                        xtype="dialogfieldset">
                        <items jcr:primaryType="cq:WidgetCollection">
                            <footerMobileText
                                jcr:primaryType="cq:Widget"
                                defaultValue="Need an account?"
                                fieldLabel="Text"
                                name="./footerMobileText"
                                xtype="textfield"/>
                            <footerMobileLinkText
                                jcr:primaryType="cq:Widget"
                                defaultValue="Register"
                                fieldLabel="Link text"
                                name="./footerMobileLinkText"
                                xtype="textfield"/>
                            <footerMobileLink
                                jcr:primaryType="nt:unstructured"
                                fieldLabel="Link"
                                linkPattern="\{0}.html"
                                name="./footerMobileLink"
                                rootPath="/content/metlife"
                                xtype="pathfield"/>
                            <link-target
                                jcr:primaryType="cq:Widget"
                                allowBlank="false"
                                defaultValue="_self"
                                fieldLabel="Open in"
                                key="target"
                                name="./target"
                                type="select"
                                xtype="selection">
                                <options jcr:primaryType="cq:WidgetCollection">
                                    <self
                                        jcr:primaryType="nt:unstructured"
                                        text="Same Page"
                                        value="_self"/>
                                    <blank
                                        jcr:primaryType="nt:unstructured"
                                        text="New Page"
                                        value="_blank"/>
                                </options>
                            </link-target>
                        </items>
                    </forMobile>
                </items>
            </config>
            <firstcolumn
                jcr:primaryType="cq:Panel"
                title="First column links">
                <items jcr:primaryType="cq:WidgetCollection">
                    <familyLinks1
                        jcr:primaryType="cq:Widget"
                        addItemLabel="Add list links"
                        anchor="95%"
                        fieldDescription="Click the '+' to add a new section"
                        fieldLabel="First Column"
                        hideLabel="false"
                        name="./familyLinks1"
                        xtype="multifield">
                        <fieldConfig
                            jcr:primaryType="cq:Widget"
                            xtype="multifieldpanel">
                            <items jcr:primaryType="cq:WidgetCollection">
                                <subItemTitle
                                    jcr:primaryType="nt:unstructured"
                                    allowBlank="false"
                                    anchor="95%"
                                    fieldLabel="Sub-item title"
                                    key="subItemTitle"
                                    validateOnBlur="true"
                                    xtype="textfield"/>
                                <links
                                    jcr:primaryType="cq:Widget"
                                    addItemLabel="Add Link"
                                    fieldDescription="Click the '+' to add a new link"
                                    fieldLabel="Links"
                                    key="links"
                                    minItems="{Long}1"
                                    xtype="multifield">
                                    <fieldConfig
                                        jcr:primaryType="cq:Widget"
                                        xtype="multifieldpanel">
                                        <items jcr:primaryType="cq:WidgetCollection">
                                            <linkText
                                                jcr:primaryType="nt:unstructured"
                                                allowBlank="false"
                                                anchor="98%"
                                                fieldLabel="Link text"
                                                key="linkText"
                                                validateOnBlur="true"
                                                xtype="textfield"/>
                                            <link
                                                jcr:primaryType="cq:Widget"
                                                allowBlank="false"
                                                anchor="98%"
                                                fieldLabel="Link"
                                                key="link"
                                                linkPattern="\{0}.html"
                                                xtype="pathfield"/>
                                            <linkTarget
                                                jcr:primaryType="cq:Widget"
                                                allowBlank="false"
                                                anchor="98%"
                                                fieldLabel="Open in"
                                                key="target"
                                                type="select"
                                                xtype="selection">
                                                <options jcr:primaryType="cq:WidgetCollection">
                                                    <self
                                                        jcr:primaryType="nt:unstructured"
                                                        text="same window"
                                                        value="_self"/>
                                                    <newWindow
                                                        jcr:primaryType="nt:unstructured"
                                                        text="new window"
                                                        value="_blank"/>
                                                </options>
                                            </linkTarget>
                                        </items>
                                    </fieldConfig>
                                </links>
                            </items>
                        </fieldConfig>
                    </familyLinks1>
                </items>
            </firstcolumn>
            <secondcolumn
                jcr:primaryType="cq:Panel"
                title="Second column links">
                <items jcr:primaryType="cq:WidgetCollection">
                    <familyLinks2
                        jcr:primaryType="cq:Widget"
                        addItemLabel="Add list links"
                        anchor="95%"
                        fieldDescription="Click the '+' to add a new section"
                        fieldLabel="Second Column"
                        hideLabel="false"
                        name="./familyLinks2"
                        xtype="multifield">
                        <fieldConfig
                            jcr:primaryType="cq:Widget"
                            xtype="multifieldpanel">
                            <items jcr:primaryType="cq:WidgetCollection">
                                <subItemTitle
                                    jcr:primaryType="nt:unstructured"
                                    allowBlank="false"
                                    anchor="95%"
                                    fieldLabel="Sub-item title"
                                    key="subItemTitle"
                                    validateOnBlur="true"
                                    xtype="textfield"/>
                                <links
                                    jcr:primaryType="cq:Widget"
                                    addItemLabel="Add Link"
                                    fieldDescription="Click the '+' to add a new link"
                                    fieldLabel="Links"
                                    key="links"
                                    minItems="{Long}1"
                                    xtype="multifield">
                                    <fieldConfig
                                        jcr:primaryType="cq:Widget"
                                        xtype="multifieldpanel">
                                        <items jcr:primaryType="cq:WidgetCollection">
                                            <linkText
                                                jcr:primaryType="nt:unstructured"
                                                allowBlank="false"
                                                anchor="98%"
                                                fieldLabel="Link text"
                                                key="linkText"
                                                validateOnBlur="true"
                                                xtype="textfield"/>
                                            <link
                                                jcr:primaryType="cq:Widget"
                                                allowBlank="false"
                                                anchor="98%"
                                                fieldLabel="Link"
                                                key="link"
                                                linkPattern="\{0}.html"
                                                xtype="pathfield"/>
                                            <linkTarget
                                                jcr:primaryType="cq:Widget"
                                                allowBlank="false"
                                                anchor="98%"
                                                fieldLabel="Open in"
                                                key="target"
                                                type="select"
                                                xtype="selection">
                                                <options jcr:primaryType="cq:WidgetCollection">
                                                    <self
                                                        jcr:primaryType="nt:unstructured"
                                                        text="same window"
                                                        value="_self"/>
                                                    <newWindow
                                                        jcr:primaryType="nt:unstructured"
                                                        text="new window"
                                                        value="_blank"/>
                                                </options>
                                            </linkTarget>
                                        </items>
                                    </fieldConfig>
                                </links>
                            </items>
                        </fieldConfig>
                    </familyLinks2>
                </items>
            </secondcolumn>
            <thirdcolumn
                jcr:primaryType="cq:Panel"
                title="Third column links">
                <items jcr:primaryType="cq:WidgetCollection">
                    <familyLinks3
                        jcr:primaryType="cq:Widget"
                        addItemLabel="Add list links"
                        anchor="95%"
                        fieldDescription="Click the '+' to add a new section"
                        fieldLabel="Third Column"
                        hideLabel="false"
                        name="./familyLinks3"
                        xtype="multifield">
                        <fieldConfig
                            jcr:primaryType="cq:Widget"
                            xtype="multifieldpanel">
                            <items jcr:primaryType="cq:WidgetCollection">
                                <subItemTitle
                                    jcr:primaryType="nt:unstructured"
                                    allowBlank="false"
                                    anchor="95%"
                                    fieldLabel="Sub-item title"
                                    key="subItemTitle"
                                    validateOnBlur="true"
                                    xtype="textfield"/>
                                <links
                                    jcr:primaryType="cq:Widget"
                                    addItemLabel="Add Link"
                                    fieldDescription="Click the '+' to add a new link"
                                    fieldLabel="Links"
                                    key="links"
                                    maxItems="{Long}7"
                                    minItems="{Long}1"
                                    xtype="multifield">
                                    <fieldConfig
                                        jcr:primaryType="cq:Widget"
                                        xtype="multifieldpanel">
                                        <items jcr:primaryType="cq:WidgetCollection">
                                            <linkText
                                                jcr:primaryType="nt:unstructured"
                                                allowBlank="false"
                                                anchor="98%"
                                                fieldLabel="Link text"
                                                key="linkText"
                                                validateOnBlur="true"
                                                xtype="textfield"/>
                                            <link
                                                jcr:primaryType="cq:Widget"
                                                allowBlank="false"
                                                anchor="98%"
                                                fieldLabel="Link"
                                                key="link"
                                                linkPattern="\{0}.html"
                                                xtype="pathfield"/>
                                            <linkTarget
                                                jcr:primaryType="cq:Widget"
                                                allowBlank="false"
                                                anchor="98%"
                                                fieldLabel="Open in"
                                                key="target"
                                                type="select"
                                                xtype="selection">
                                                <options jcr:primaryType="cq:WidgetCollection">
                                                    <self
                                                        jcr:primaryType="nt:unstructured"
                                                        text="same window"
                                                        value="_self"/>
                                                    <newWindow
                                                        jcr:primaryType="nt:unstructured"
                                                        text="new window"
                                                        value="_blank"/>
                                                </options>
                                            </linkTarget>
                                        </items>
                                    </fieldConfig>
                                </links>
                            </items>
                        </fieldConfig>
                    </familyLinks3>
                </items>
            </thirdcolumn>
        </items>
    </items>
</jcr:root>
