<?xml version="1.0" encoding="UTF-8"?>
<jcr:root xmlns:cq="http://www.day.com/jcr/cq/1.0" xmlns:jcr="http://www.jcp.org/jcr/1.0" xmlns:nt="http://www.jcp.org/jcr/nt/1.0"
    jcr:primaryType="cq:Dialog"
    title="Subcategory Tile Container"
    xtype="dialog">
    <items
        jcr:primaryType="cq:Widget"
        xtype="tabpanel">
        <items jcr:primaryType="cq:WidgetCollection">
            <configuration
                jcr:primaryType="cq:Panel"
                title="Configuration">
                <items jcr:primaryType="cq:WidgetCollection">
                    <type
                        jcr:primaryType="cq:Widget"
                        defaultValue="3"
                        fieldLabel="Type"
                        name="./type"
                        type="select"
                        xtype="selection">
                        <options jcr:primaryType="cq:WidgetCollection">
                            <three-items
                                jcr:primaryType="nt:unstructured"
                                text="Three Tiles"
                                value="3"/>
                            <two-items
                                jcr:primaryType="nt:unstructured"
                                text="Two Tiles"
                                value="2"/>
                            <one-item
                                jcr:primaryType="nt:unstructured"
                                text="One Tile"
                                value="1"/>
                        </options>
                    </type>
                    <infoModuleDisclaimer
                        jcr:primaryType="cq:Widget"
                        fieldLabel="Info Module Disclaimer"
                        height="{Long}100"
                        name="./infoModuleDisclaimer"
                        xtype="textarea"/>
                </items>
            </configuration>
            <spacingTab
                jcr:primaryType="cq:Widget"
                path="/apps/MetlifeApp/components/section/dialog/spacingTab.infinity.json"
                xtype="cqinclude"/>
        </items>
    </items>
</jcr:root>
